DATE,DEMAND_QTY
2026-09-22,86204
2026-09-21,85607
2026-09-20,86620
2026-09-19,81175
2026-09-18,80882
2026-09-17,76418
2026-09-16,75888
2026-09-15,77235
2026-09-14,77571
2026-09-13,77058
2026-09-12,77282
2026-09-11,77263
2026-09-10,78418
2026-09-09,79111
2026-09-08,78278
2026-09-07,79653
2026-09-06,79763
2026-09-05,79667
2026-09-04,80743
2026-09-03,77782
2026-09-02,77536
2026-09-01,78747
2026-08-31,78087
2026-08-30,78269
2026-08-29,77450
2026-08-28,79938
2026-08-27,78812
2026-08-26,78913
2026-08-25,80436
2026-08-24,77465
2026-08-23,76046
2026-08-22,77440
2026-08-21,75548
2026-08-20,69803
2026-08-19,64287
2026-08-18,64229
2026-08-17,63594
2026-08-16,63014
2026-08-15,63054
2026-08-14,62983
2026-08-13,63848
2026-08-12,63616
2026-08-11,63887
2026-08-10,65251
2026-08-09,64814
2026-08-08,64971
2026-08-07,64284
2026-08-06,64772
2026-08-05,64205
2026-08-04,63608
2026-08-03,62597
2026-08-02,63435
2026-08-01,63020
2026-07-31,64213
2026-07-30,63922
2026-07-29,64348
2026-07-28,63556
2026-07-27,65397
2026-07-26,64384
2026-07-25,63935
2026-07-24,65401
2026-07-23,65749
2026-07-22,65887
2026-07-21,65871
2026-07-20,63839
2026-07-19,64668
2026-07-18,63938
2026-07-17,62871
2026-07-16,64725
2026-07-15,64810
2026-07-14,62528
2026-07-13,62749
2026-07-12,63724
2026-07-11,64170
2026-07-10,63798
2026-07-09,62814
2026-07-08,62600
2026-07-07,63321
2026-07-06,62931
2026-07-05,62728
2026-07-04,62451
2026-07-03,61663
2026-07-02,60230
2026-07-01,58660
2026-06-30,59488
2026-06-29,59995
2026-06-28,60317
2026-06-27,59943
2026-06-26,59982
2026-06-25,59713
2026-06-24,60909
2026-06-23,62652
2026-06-22,63957
2026-06-21,63232
2026-06-20,64240
2026-06-19,63514
2026-06-18,62900
2026-06-17,64423
2026-06-16,65599
2026-06-15,66301
2026-06-14,65714
2026-06-13,64378
2026-06-12,63538
2026-06-11,63552
2026-06-10,61493
2026-06-09,61658
2026-06-08,63078
2026-06-07,63255
2026-06-06,60862
2026-06-05,60922
2026-06-04,63796
2026-06-03,64022
2026-06-02,66650
2026-06-01,71360
2026-05-31,73593
2026-05-30,73751
2026-05-29,73383
2026-05-28,73540
2026-05-27,74353
2026-05-26,75824
2026-05-25,77274
2026-05-24,76988
2026-05-23,76673
2026-05-22,75483
2026-05-21,77546
2026-05-20,77460
2026-05-19,76809
2026-05-18,76952
2026-05-17,77426
2026-05-16,78135
2026-05-15,79069
2026-05-14,81052
2026-05-13,79278
2026-05-12,80481
2026-05-11,81725
2026-05-10,82146
2026-05-09,80678
2026-05-08,80189
2026-05-07,80022
2026-05-06,81425
2026-05-05,80925
2026-05-04,79824
2026-05-03,78563
2026-05-02,78655
2026-05-01,78172
2026-04-30,76287
2026-04-29,75775
2026-04-28,76345
2026-04-27,77361
2026-04-26,78645
2026-04-25,77619
2026-04-24,77445
2026-04-23,78261
2026-04-22,78195
2026-04-21,76350
2026-04-20,75875
2026-04-19,73856
2026-04-18,75728
2026-04-17,77128
2026-04-16,75149
2026-04-15,74834
2026-04-14,74181
2026-04-13,74515
2026-04-12,70757
2026-04-11,73054
2026-04-10,72973
2026-04-09,71771
2026-04-08,71117
2026-04-07,71976
2026-04-06,68864
2026-04-05,68986
2026-04-04,67304
2026-04-03,66940
2026-04-02,66892
2026-04-01,68089
2026-03-31,68232
2026-03-30,66699
2026-03-29,65970
2026-03-28,66321
2026-03-27,66321
2026-03-26,68791
2026-03-25,71309
2026-03-24,70525
2026-03-23,70893
2026-03-22,67849
2026-03-21,68734
2026-03-20,70553
2026-03-19,69871
2026-03-18,71256
2026-03-17,73926
2026-03-16,74858
2026-03-15,72682
2026-03-14,71217
2026-03-13,70965
2026-03-12,70544
2026-03-11,70227
2026-03-10,69883
2026-03-09,68459
2026-03-08,66036
2026-03-07,67271
2026-03-06,68148
2026-03-05,70875
2026-03-04,72670
2026-03-03,68322
2026-03-02,68864
2026-03-01,65713
2026-02-28,67008
2026-02-27,65884
2026-02-26,67469
2026-02-25,67947
2026-02-24,64074
2026-02-23,64578
2026-02-22,67585
2026-02-21,67978
2026-02-20,67970
2026-02-19,67116
2026-02-18,67799
2026-02-17,68388
2026-02-16,68418
2026-02-15,70372
2026-02-14,68892
2026-02-13,66250
2026-02-12,67063
2026-02-11,66750
2026-02-10,68875
2026-02-09,70627
2026-02-08,69268
2026-02-07,68985
2026-02-06,65036
2026-02-05,70774
2026-02-04,76547
2026-02-03,78509
2026-02-02,76389
2026-02-01,78262
2026-01-31,83641
2026-01-30,82410
2026-01-29,88183
2026-01-28,89226
2026-01-27,88214
2026-01-26,87826
2026-01-25,88713
2026-01-24,89512
2026-01-23,89395
2026-01-22,90090
2026-01-21,89530
2026-01-20,90790
2026-01-19,92513
2026-01-18,95116
2026-01-17,95215
2026-01-16,95699
2026-01-15,96286
2026-01-14,94960
2026-01-13,92144
2026-01-12,91723
2026-01-11,90627
2026-01-10,90380
2026-01-09,91013
2026-01-08,89913
2026-01-07,92566
2026-01-06,93778
2026-01-05,92434
2026-01-04,91241
2026-01-03,89846
2026-01-02,88866
2026-01-01,87519
2025-12-31,88395
2025-12-30,87320
2025-12-29,89675
2025-12-28,87692
2025-12-27,87411
2025-12-26,89122
2025-12-25,87780
2025-12-24,86932
2025-12-23,87364
2025-12-22,88945
2025-12-21,88056
2025-12-20,88251
2025-12-19,87310
2025-12-18,86582
2025-12-17,86751
2025-12-16,86541
2025-12-15,89776
2025-12-14,90151
2025-12-13,90354
2025-12-12,92526
2025-12-11,90310
2025-12-10,92719
2025-12-09,90157
2025-12-08,91453
2025-12-07,89675
2025-12-06,89691
2025-12-05,92284
2025-12-04,93130
2025-12-03,93392
2025-12-02,87101
2025-12-01,86316
2025-11-30,90900
2025-11-29,90559
2025-11-28,91324
2025-11-27,91249
2025-11-26,87831
2025-11-25,88048
2025-11-24,86900
2025-11-23,85865
2025-11-22,84584
2025-11-21,85490
2025-11-20,91814
2025-11-19,90941
2025-11-18,89587
2025-11-17,95182
2025-11-16,95813
2025-11-15,96115
2025-11-14,97166
2025-11-13,103581
2025-11-12,103349
2025-11-11,105158
2025-11-10,106185
2025-11-09,101707
2025-11-08,102176
2025-11-07,101867
2025-11-06,103322
2025-11-05,102069
2025-11-04,104623
2025-11-03,107421
2025-11-02,110638
2025-11-01,109933
2025-10-31,109588
2025-10-30,110818
2025-10-29,113333
2025-10-28,114102
2025-10-27,115997
2025-10-26,111638
2025-10-25,111386
2025-10-24,111487
2025-10-23,110192
2025-10-22,108056
2025-10-21,107945
2025-10-20,111343
2025-10-19,106800
2025-10-18,106944
2025-10-17,106815
2025-10-16,111693
2025-10-15,112441
2025-10-14,112031
2025-10-13,115316
2025-10-12,111850
2025-10-11,112161
2025-10-10,121446
2025-10-09,121939
2025-10-08,121819
2025-10-07,123962
2025-10-06,123961
2025-10-05,125058
2025-10-04,122514
2025-10-03,119922
2025-10-02,118628
2025-10-01,114284
2025-09-30,113963
2025-09-29,111681
2025-09-28,109432
2025-09-27,109586
2025-09-26,109389
2025-09-25,111544
2025-09-24,112609
2025-09-23,113091
2025-09-22,112876
2025-09-21,115747
2025-09-20,115745
2025-09-19,116783
2025-09-18,117101
2025-09-17,117218
2025-09-16,115768
2025-09-15,116135
2025-09-14,115776
2025-09-13,115796
2025-09-12,115350
2025-09-11,114399
2025-09-10,111810
2025-09-09,113082
2025-09-08,111110
2025-09-07,110530
2025-09-06,110771
2025-09-05,111859
2025-09-04,110424
2025-09-03,110713
2025-09-02,110398
2025-09-01,108066
2025-08-31,108733
2025-08-30,108224
2025-08-29,111270
2025-08-28,113215
2025-08-27,111032
2025-08-26,110003
2025-08-25,111949
2025-08-24,114830
2025-08-23,115713
2025-08-22,113013
2025-08-21,113811
2025-08-20,113667
2025-08-19,115023
2025-08-18,115266
2025-08-17,118001
2025-08-16,117506
2025-08-15,119168
2025-08-14,121841
2025-08-13,119366
2025-08-12,118901
2025-08-11,122230
2025-08-10,118056
2025-08-09,116654
2025-08-08,116686
2025-08-07,114718
2025-08-06,114101
2025-08-05,114152
2025-08-04,114426
2025-08-03,113503
2025-08-02,113653
2025-08-01,115133
2025-07-31,118658
2025-07-30,118290
2025-07-29,118883
2025-07-28,119466
2025-07-27,118318
2025-07-26,117396
2025-07-25,115331
2025-07-24,117569
2025-07-23,118473
2025-07-22,117734
2025-07-21,117256
2025-07-20,117901
2025-07-19,117989
2025-07-18,119445
2025-07-17,118748
2025-07-16,117678
2025-07-15,119884
2025-07-14,119849
2025-07-13,119090
2025-07-12,117419
2025-07-11,117535
2025-07-10,115993
2025-07-09,111246
2025-07-08,108913
2025-07-07,108269
2025-07-06,109207
2025-07-05,108204
2025-07-04,107989
2025-07-03,109600
2025-07-02,108843
2025-07-01,105694
2025-06-30,107171
2025-06-29,108361
2025-06-28,107304
2025-06-27,107044
2025-06-26,106945
2025-06-25,107349
2025-06-24,106078
2025-06-23,105376
2025-06-22,100990
