DATE,rolling_mean_30,rolling_std_30,rolling_cv_30,rolling_std_90,rolling_cv_90,rolling_ret_std_30
2025-06-22,,,,,,
2025-06-23,,,,,,
2025-06-24,,,,,,
2025-06-25,,,,,,
2025-06-26,,,,,,
2025-06-27,,,,,,
2025-06-28,,,,,,
2025-06-29,,,,,,
2025-06-30,,,,,,
2025-07-01,,,,,,
2025-07-02,,,,,,
2025-07-03,,,,,,
2025-07-04,,,,,,
2025-07-05,,,,,,
2025-07-06,,,,,,
2025-07-07,,,,,,
2025-07-08,,,,,,
2025-07-09,,,,,,
2025-07-10,,,,,,
2025-07-11,,,,,,
2025-07-12,,,,,,
2025-07-13,,,,,,
2025-07-14,,,,,,
2025-07-15,,,,,,
2025-07-16,,,,,,
2025-07-17,,,,,,
2025-07-18,,,,,,
2025-07-19,,,,,,
2025-07-20,,,,,,
2025-07-21,111779.0,5657.979565058597,0.050617553968621984,,,
2025-07-22,112337.13333333333,5375.818684938443,0.04785433387361771,,,0.014666258230379335
2025-07-23,112773.7,5322.551690035842,0.04719674613882352,,,0.012860815080760219
2025-07-24,113156.73333333334,5236.866020774272,0.04627975610914542,,,0.013019963270933
2025-07-25,113422.8,5133.366613267244,0.04525868355628008,,,0.013550319711803833
2025-07-26,113771.16666666667,5032.226408503168,0.044231122488590416,,,0.013780462430508223
2025-07-27,114146.96666666666,4932.502788389598,0.043211860397425646,,,0.013800319557865055
2025-07-28,114552.36666666667,4849.789817581018,0.042336880142278606,,,0.013846896008038645
2025-07-29,114903.1,4766.34872434538,0.04148146328815654,,,0.01387901661722464
2025-07-30,115273.73333333334,4572.741477067319,0.0396685467264643,,,0.013709685610490923
2025-07-31,115705.86666666667,4236.4134451397385,0.036613644296397574,,,0.01332147248226449
2025-08-01,115915.53333333334,4035.955646635505,0.034818074252649815,,,0.01381519408325845
2025-08-02,116050.63333333333,3882.164064853081,0.03345232984383898,,,0.014038791171128844
2025-08-03,116234.43333333333,3608.1888061629124,0.031042340059554176,,,0.013720479323944339
2025-08-04,116441.83333333333,3295.9949372589417,0.02830593475648593,,,0.013770788521235776
2025-08-05,116606.66666666667,3035.021551174182,0.026027856193249516,,,0.01371990820455251
2025-08-06,116801.06666666667,2644.168977506727,0.022638226284806134,,,0.013592909475696687
2025-08-07,116994.56666666667,2226.420982643172,0.019030122902942547,,,0.01358755977797273
2025-08-08,117175.9,1945.944524672582,0.016607037152456965,,,0.013401046098105447
2025-08-09,117197.93333333333,1935.804794471437,0.016517397017280482,,,0.011043754338758411
2025-08-10,117215.3,1941.2623186099615,0.01656150962041612,,,0.01099484873214976
2025-08-11,117375.66666666667,2146.534341248857,0.018287728642639077,,,0.012674827761692235
2025-08-12,117369.36666666667,2141.601020238084,0.018246677826253506,,,0.013487372876957997
2025-08-13,117353.26666666666,2124.06068380955,0.0180997150240631,,,0.013454624915830098
2025-08-14,117418.5,2231.783402387462,0.019007084934550025,,,0.013973710743086776
2025-08-15,117468.16666666667,2254.224112765732,0.019190085082049734,,,0.01415830104169261
2025-08-16,117426.76666666666,2241.276601793466,0.01908659043772927,,,0.0142999728841208
2025-08-17,117378.63333333333,2211.749790727096,0.018842865416963415,,,0.014278464148572558
2025-08-18,117287.86666666667,2241.511124116937,0.01911119357714413,,,0.014737508145748084
2025-08-19,117191.93333333333,2275.691511930168,0.01941849961172101,,,0.014739510174494852
2025-08-20,117072.3,2364.7998406221714,0.020199482205629952,,,0.014854501215934521
2025-08-21,116941.53333333334,2434.3894190695773,0.02081714981563075,,,0.014830087065328656
2025-08-22,116759.53333333334,2518.5899685905233,0.021570743704501415,,,0.014800332784251708
2025-08-23,116697.66666666667,2520.8149931886737,0.02160124589627905,,,0.01544397924909016
2025-08-24,116680.96666666666,2531.816663887807,0.021698626058872846,,,0.01510205543567152
2025-08-25,116499.4,2670.296478437998,0.02292111786359413,,,0.015391644043930399
2025-08-26,116222.23333333334,2896.9382253698377,0.02492585232862649,,,0.01555272073103637
2025-08-27,115941.1,2979.358312652601,0.025697171345214084,,,0.015543599426165525
2025-08-28,115752.16666666667,2966.0531895076056,0.025624169939289305,,,0.01603958912481146
2025-08-29,115518.16666666667,3035.043680686967,0.026273302011836235,,,0.01628502097067781
2025-08-30,115170.36666666667,3252.8532990372,0.028243839046304446,,,0.016911538493709535
2025-08-31,114957.03333333334,3458.7397693312723,0.030087239284456762,,,0.01616713300707102
2025-09-01,114770.8,3675.0270691003634,0.032020575521825786,,,0.01605455518577324
2025-09-02,114667.3,3754.820305631938,0.032745345060291274,,,0.016596467366364623
2025-09-03,114543.53333333334,3823.6122452856753,0.03338130171136396,,,0.01652556667786777
2025-09-04,114419.26666666666,3896.657709595088,0.034055957734347955,,,0.01652619973202147
2025-09-05,114344.53333333334,3924.3730773939446,0.03432060075800689,,,0.016723383953930922
2025-09-06,114212.96666666666,3977.227361065607,0.03482290563971815,,,0.016763252007270423
2025-09-07,114007.76666666666,4003.9503138889777,0.035119978497567074,,,0.016408103320547415
2025-09-08,113822.96666666666,4005.5431202903596,0.035190992095827996,,,0.01645658578099738
2025-09-09,113657.16666666667,3926.4473113115146,0.03454641204304331,,,0.016648280468131948
2025-09-10,113309.83333333333,3588.2567382421075,0.031667655248298024,,,0.015262790646778187
2025-09-11,113159.76666666666,3437.3282796815465,0.030375886951117904,,,0.015236225899956764
2025-09-12,113025.9,3260.969427999053,0.028851523659613004,,,0.015308389574475091
2025-09-13,112824.4,2859.546173301108,0.02534510419112451,,,0.014788743551002232
2025-09-14,112711.33333333333,2660.180734504614,0.02360171471521303,,,0.014274381109044592
2025-09-15,112665.63333333333,2585.705366090557,0.022950258118555736,,,0.014074325584950996
2025-09-16,112591.2,2455.694485659029,0.02181071420909475,,,0.01405565789364519
2025-09-17,112656.26666666666,2552.945154310831,0.022661368336167404,,,0.013565999933027166
2025-09-18,112725.53333333334,2645.8727226318797,0.02347181374434434,,,0.013559971458245501
2025-09-19,112829.4,2743.466591364046,0.02431517486899732,4472.214636389067,0.03926661327130037,0.013371839858706177
2025-09-20,112893.86666666667,2789.661736178506,0.024710480901635985,4259.252198026316,0.03734302245011371,0.013491247533785507
2025-09-21,112985.0,2837.9277529623814,0.025117739106628147,4160.893458400466,0.03644384199264934,0.013415517754613193
2025-09-22,112890.43333333333,2790.7655318966895,0.024721010004951905,4073.0730496812776,0.03565106738504835,0.013507641448474356
2025-09-23,112832.46666666666,2767.0493401047866,0.024523520772432403,4008.2445377972526,0.03506405111093566,0.013453565836128892
2025-09-24,112854.46666666666,2762.4027738650084,0.024477567042376778,3935.071840911366,0.034404996359638285,0.01263297832588621
2025-09-25,112905.83333333333,2721.577307413756,0.02410484230144964,3868.9083978412277,0.033811737139220095,0.012325565352077976
2025-09-26,112851.06666666667,2776.5607097112543,0.024603761326532324,3831.8542921612425,0.033481129770379515,0.012728750770156963
2025-09-27,112730.1,2838.5196281354047,0.025179784530798825,3812.1139214925006,0.033304685856281886,0.01216947632701575
2025-09-28,112668.83333333333,2890.48128772913,0.025654665999581047,3770.7527476811306,0.03293610344698324,0.011777541972006951
2025-09-29,112784.06666666667,2773.722072114102,0.024593208545244587,3665.222025403862,0.031995741364980436,0.011207015168734099
2025-09-30,112958.4,2672.848597954219,0.023662238469686354,3614.9831206275285,0.03154151432903489,0.011728000008753688
2025-10-01,113165.66666666667,2516.9242495872936,0.022241058827506224,3575.5419875166267,0.0311832215875243,0.011638407593554065
2025-10-02,113440.0,2649.8644467607314,0.023359171780330847,3527.986537777114,0.03073679019639988,0.012860049015196
2025-10-03,113746.96666666666,2848.984120013945,0.02504668215340493,3498.655416777034,0.030446712522849424,0.012952364103356945
2025-10-04,114149.96666666666,3196.6097394640583,0.028003597660248042,3535.8848659696505,0.030731156485458433,0.013350137685900654
2025-10-05,114589.93333333333,3733.6339138028193,0.03258256467382666,3615.629612685706,0.0313733700828469,0.013607017792542564
2025-10-06,115029.6,4033.027780199609,0.03506078244381975,3667.087527498087,0.031773780231431736,0.013575173676990694
2025-10-07,115477.33333333333,4255.712164020051,0.036853225141038226,3748.8139847336756,0.032442189788297576,0.013548095429866437
2025-10-08,115834.3,4325.313918446056,0.03734052796491243,3806.3448089334115,0.032921618089624245,0.014088279896522869
2025-10-09,116129.53333333334,4431.934268569342,0.03816371375443406,3859.20224917015,0.033364668640268505,0.013821606276713114
2025-10-10,116450.73333333334,4457.193201643983,0.03827535537183378,3902.8379251881684,0.03372887256145787,0.013633444320539988
2025-10-11,116376.13333333333,4511.119646425657,0.03876327144763065,3903.796975185903,0.03375962272954166,0.019832705787394402
2025-10-12,116259.46666666666,4583.25442824449,0.03942263421339587,3897.8329631814477,0.033733974707601866,0.019763505949205215
2025-10-13,116243.46666666666,4585.765312229825,0.039449660645270605,3870.3581031110093,0.03351091248130791,0.020573489653108734
2025-10-14,116118.63333333333,4649.460150222333,0.040040603447988106,3880.3385530636315,0.033615588819780606,0.021233134303685383
2025-10-15,115995.5,4697.676518494385,0.04049878243978762,3876.742294646508,0.03360483531478426,0.02123716950223463
2025-10-16,115859.66666666667,4762.942457197489,0.04110958191257949,3871.1340679328146,0.03358129426147406,0.021258720422998357
2025-10-17,115512.9,5031.749256060143,0.0435600634739509,3961.2979377894603,0.03440049750529047,0.0225144781347603
2025-10-18,115174.33333333333,5257.84038748131,0.04565114670353039,4043.3956382773627,0.035150608953420766,0.022525168207970528
2025-10-19,114841.56666666667,5464.371501755268,0.04758182651422613,4128.063607258007,0.03592293749930825,0.022527201425180554
2025-10-20,114694.83333333333,5498.273014654499,0.04793827982360001,4133.981023027502,0.035996675673695126,0.02391686223124803
2025-10-21,114434.76666666666,5629.734278554019,0.049196013087112675,4178.832074484631,0.03642431785831947,0.024520831319516337
2025-10-22,114274.1,5743.385492955296,0.050259730708492094,4226.167426771102,0.03687088106896689,0.024144614730889226
2025-10-23,114177.46666666666,5788.191026643751,0.05069468780159557,4251.106231310575,0.03710694316879418,0.024443080302117035
2025-10-24,114140.06666666667,5802.282743014575,0.050834758665066274,4252.500765848906,0.03714040062875458,0.024539808096031474
2025-10-25,114134.8,5804.791584366378,0.0508590857859862,4245.305144896342,0.03710251434524239,0.024479169539166217
2025-10-26,114209.76666666666,5755.702861200922,0.05039589020437763,4220.900790429296,0.03691729153894338,0.024203474838007038
2025-10-27,114423.46666666666,5696.823983488543,0.0497871996841721,4196.847138283965,0.03671720881555756,0.025160426256665844
2025-10-28,114579.13333333333,5619.000829901743,0.049040350249071614,4175.293887463683,0.03654352179014685,0.025377994291277045
2025-10-29,114634.2,5597.67390359908,0.0488307494935986,4149.856733670148,0.036339705961281,0.025161644694344325
2025-10-30,114529.36666666667,5639.96763553522,0.049244729100354934,4163.814866525238,0.03647725005482844,0.025213358495002478
2025-10-31,114372.83333333333,5711.723069227002,0.049939508384657216,4191.204900500271,0.03673173560140146,0.0252707914188024
2025-11-01,114083.0,5708.962125616515,0.050042180917547,4213.781125297098,0.03694243634577395,0.024214169265693756
2025-11-02,113773.53333333334,5632.651802342879,0.049507575596165705,4229.009470874241,0.03708962994147798,0.024142779423967104
2025-11-03,113270.43333333333,5497.4660537963655,0.04853398978017828,4285.809417373503,0.03761245257899807,0.024181124069484874
2025-11-04,112589.26666666666,5246.849931368209,0.04660168847979182,4396.976932145844,0.03862376025142284,0.024030381817018873
2025-11-05,111859.53333333334,5131.840973248527,0.04587754677963845,4567.487002250834,0.040171142325868124,0.024269958846525698
2025-11-06,111171.53333333334,4827.926725248381,0.04342772453063567,4685.062841770194,0.04125910711845011,0.02448346979651147
2025-11-07,110506.46666666666,4682.667238270042,0.04237459923856681,4832.0407572422655,0.042615131629925265,0.024438509409148386
2025-11-08,109847.7,4400.503310946936,0.04006004050104769,4948.204702695237,0.0437076282852553,0.024461385749933846
2025-11-09,109189.73333333334,4069.784717964143,0.037272595084923824,5000.539108127252,0.044259047194770904,0.024460163902897156
2025-11-10,108990.53333333334,4065.586692474132,0.03730220018320367,5011.093651653593,0.044407997351740364,0.021838136792171222
2025-11-11,108767.46666666666,4086.815890095858,0.037573881375949345,5027.035579715479,0.04461168566593812,0.021885298424487654
2025-11-12,108368.56666666667,4008.881155146873,0.03699302554658568,5026.479409691731,0.04468823381077856,0.021161560324951385
2025-11-13,108086.9,4039.4178852557347,0.03737194688029479,5061.814944250502,0.04507178575828153,0.020637654171694483
2025-11-14,107577.73333333334,4416.740715406126,0.041056272320970935,5276.535688016937,0.04707845711288228,0.023429977496646253
2025-11-15,107058.46666666666,4814.095888428927,0.04496697961701544,5500.160394211013,0.04918039393628307,0.023453694744912556
2025-11-16,106691.73333333334,5234.0282563724795,0.04905748639418936,5740.83665642303,0.05143183324559269,0.022226269472935184
2025-11-17,106299.66666666667,5639.318058144915,0.05305113585942491,5984.489851651465,0.053720809768598506,0.02221349594255097
2025-11-18,105725.9,6409.696277435094,0.060625601460333696,6405.469943454922,0.057638243641856164,0.02449552055145101
2025-11-19,105045.83333333333,6859.699199614746,0.06530196374231642,6742.765707317016,0.060812378436006384,0.023159521313300867
2025-11-20,104508.13333333333,7245.953276012804,0.06933386947886165,7031.444029053201,0.06355094611558595,0.022877135870259094
2025-11-21,103755.93333333333,7997.282339831966,0.07707783143484774,7493.116229044668,0.06792976243979874,0.02580674192107081
2025-11-22,102902.33333333333,8628.382004929326,0.08385020752619143,7952.1773971224975,0.07231174649068568,0.025285582265780173
2025-11-23,102048.26666666666,9009.021596895693,0.08828196588897502,8344.895791487548,0.07608337691772209,0.02538634979730871
2025-11-24,101232.06666666667,9240.097924295735,0.09127639322746614,8683.352980841428,0.07935493552319241,0.025630736879658982
2025-11-25,100445.73333333334,9327.35953667684,0.09285968878064348,8968.824860782814,0.08215552700576419,0.025860437404312604
2025-11-26,99506.86666666667,9123.359418824684,0.09168572707033971,9235.323798359721,0.08481581657245653,0.024376695075632178
2025-11-27,98745.1,8811.435979687845,0.08923415926145038,9416.621876105739,0.08665787256513395,0.025819339427673615
2025-11-28,98011.46666666666,8464.367665786309,0.0863609938067074,9592.364054642845,0.08842797450979238,0.025863394387785586
2025-11-29,97336.16666666667,8211.789548688737,0.08436524500508105,9776.433939263803,0.09029292120446607,0.02570460663783501
2025-11-30,96713.23333333334,7955.147072410271,0.08225500066771563,9946.52070571984,0.09202591397247588,0.025760177368134782
2025-12-01,95926.0,7768.181618317889,0.08098098136394605,10204.154550470499,0.09464386549784201,0.026991124418192333
2025-12-02,95141.43333333333,7411.468418342715,0.0778994824723338,10429.885838600649,0.09697350162306703,0.027044579811367007
2025-12-03,94673.8,7043.408243368981,0.07439659381337795,10531.251262981295,0.09808855232085485,0.030204889696240658
2025-12-04,94290.7,6791.658576315573,0.0720289336733694,10626.063582933217,0.09916384317411879,0.029925514292958838
2025-12-05,93964.53333333334,6638.460336311508,0.07064857452930653,10733.550972972012,0.10035931100132679,0.029685632731650036
2025-12-06,93510.16666666667,6439.407089237256,0.06886317625966433,10879.262736119726,0.10194242488975275,0.029879406569519176
2025-12-07,93103.76666666666,6276.47484348651,0.06741375852126115,11015.83887388432,0.10345306672432113,0.029835775410486196
2025-12-08,92746.33333333333,6042.997693730839,0.06515618975482415,11105.78683338733,0.10453372133290213,0.030128025192369387
2025-12-09,92361.33333333333,5816.092901912554,0.0629710799098384,11217.766110610426,0.10582738315264655,0.03018972880688335
2025-12-10,91912.46666666666,5199.372937876822,0.05656874552973397,11268.057624750896,0.10654395238384,0.029496483249802127
2025-12-11,91417.53333333334,4562.764835834281,0.04991126613750551,11337.521062745152,0.10748351376313778,0.029752119370835214
2025-12-12,91056.76666666666,3977.133300318853,0.04367751509207465,11364.959021859233,0.10800838431158764,0.030126989367768184
2025-12-13,90615.86666666667,3197.6055991656403,0.03528748018189942,11415.533091244737,0.10878103989669766,0.030323784151308462
2025-12-14,90382.03333333334,2948.917270425781,0.03262725081156374,11457.733809612411,0.1094843918172968,0.02817373959156456
2025-12-15,90170.73333333334,2743.947683895114,0.03043057966215698,11501.881049784684,0.11021038057571957,0.028131547418637076
2025-12-16,89861.66666666667,2605.182783094625,0.02899103566327457,11570.989649195872,0.11123587823352798,0.028825836979213353
2025-12-17,89580.63333333333,2462.289731730978,0.027486853353321287,11627.656350201329,0.11214418726636549,0.028838260649926915
2025-12-18,89480.46666666666,2522.409982445267,0.028189504105312374,11681.073753596202,0.11302517286291197,0.02671654947083062
2025-12-19,89359.43333333333,2536.983732884158,0.028390776868744968,11726.493866119366,0.11381258562633302,0.02660567331836081
2025-12-20,89240.66666666667,2501.2608452720897,0.028028262659834713,11749.697655743043,0.11437693887602636,0.026623012540694505
2025-12-21,89326.2,2410.8184674002136,0.026988928974928002,11800.00183796195,0.11517581774726499,0.02311120045839379
2025-12-22,89471.56666666667,2240.475883614187,0.025041205458726963,11829.851899587231,0.11577033919196912,0.02306063959565231
2025-12-23,89521.53333333334,2172.967520161648,0.024273126690877885,11879.072399041654,0.11657202165470931,0.023187382216094315
2025-12-24,89522.6,2171.6437378486444,0.0242580503453725,11937.790882699006,0.11746346320075238,0.0231061842671877
2025-12-25,89513.66666666667,2178.4593944649587,0.024336612224557425,11997.139250791071,0.11832697622443612,0.023047675499679118
2025-12-26,89556.7,2156.716488169952,0.024082134426234462,12033.919826292815,0.1189565138330845,0.02320968452784237
2025-12-27,89428.76666666666,2166.6794502715866,0.024227992077175613,12087.638485548106,0.11977722914932079,0.022349728081280527
2025-12-28,89307.7,2158.585346934259,0.024170204214577905,12112.095426230248,0.12033741063997876,0.02236228114507343
2025-12-29,89278.23333333334,2146.917111024198,0.024047486502206752,12082.705998133393,0.12036814972339406,0.022730077168383864
2025-12-30,89158.9,2153.1506722105337,0.02414958767111902,12068.39147391506,0.1205854500200176,0.023213051222408652
2025-12-31,89228.2,2091.057023579549,0.02343493451150588,11966.693274588859,0.11997198150419325,0.021281066396351835
2026-01-01,89242.13333333333,2077.7443461156104,0.023282100825121586,11839.611991108508,0.11912792274047986,0.02130968338502188
2026-01-02,89091.26666666666,1924.711226586061,0.02160381481371606,11630.484275279703,0.11746559864339148,0.017077383985856766
2026-01-03,88981.8,1774.6262627418444,0.019943699304148087,11332.909144743975,0.11491423111975353,0.0172298517965411
2026-01-04,88947.03333333334,1716.982627657442,0.01930342770649771,11031.683788122466,0.1122737315984077,0.017421672488963334
2026-01-05,89038.46666666666,1827.4487536250442,0.020524261277616838,10701.907841073335,0.10930718134739359,0.01674604048478129
2026-01-06,89175.23333333334,2020.1088001310982,0.022653249390220433,10401.899500162752,0.10658212941974894,0.016922080934548313
2026-01-07,89212.33333333333,2072.9134308873854,0.023235727095514285,10085.499631654366,0.103686904575065,0.016764026024930205
2026-01-08,89204.2,2069.5550646253723,0.023200197576183322,9779.226970181875,0.10090163197002207,0.017416282829807495
2026-01-09,89147.33333333333,1991.6170060656402,0.022340735629395984,9662.234170782487,0.09993680124144246,0.016761947732620647
2026-01-10,89149.66666666667,1993.066608457032,0.02235641122371404,9547.93799310094,0.09899890085519014,0.016097862605784115
2026-01-11,89086.36666666667,1910.5857647242917,0.02144644389722511,9352.325870719827,0.09724727840208727,0.01544799733070602
2026-01-12,89132.0,1957.675169420302,0.02196377473208614,9209.252214061564,0.09598477960857181,0.014979995327025966
2026-01-13,89198.43333333333,2026.068482406651,0.02271417116526319,9047.855322013635,0.09452478099542658,0.014988638385333222
2026-01-14,89371.23333333334,2281.93749624763,0.025533243876545247,8886.410406639543,0.09301880988055715,0.015881928614839825
2026-01-15,89696.06666666667,2543.7428292986883,0.028359580568364073,8805.156541104701,0.09228128852402208,0.01424636389627874
2026-01-16,89994.33333333333,2705.939193614583,0.0300678842032415,8719.106536230529,0.09149926771639032,0.014354668739112376
2026-01-17,90282.1,2788.3263593428615,0.03088459793627819,8632.380206840771,0.0907116876660364,0.01440502927450887
2026-01-18,90542.3,2864.589049783102,0.031638129910363466,8458.344225605098,0.08905158578349665,0.01439026013750923
2026-01-19,90684.36666666667,2852.695984180622,0.031457417513499626,8348.320077744687,0.0880521794512972,0.015347270337281728
2026-01-20,90775.5,2809.1724483959533,0.03094637262693076,8238.191297475947,0.08706679331538558,0.015780996345096412
2026-01-21,90795.0,2798.0361216271613,0.030817072764217867,8085.830727231365,0.0856643938712694,0.015916041774480978
2026-01-22,90885.86666666667,2726.1109058994098,0.029994882657583096,7889.6593487426135,0.08379714355017781,0.015573489795147681
2026-01-23,90967.96666666666,2638.613461431953,0.029005962847346117,7687.870586900159,0.08186637860015912,0.015618653453546483
2026-01-24,91025.7,2584.8555105351957,0.02839698580219867,7465.0577207519345,0.07970235134267192,0.015530943815070777
2026-01-25,91012.06666666667,2596.2957290422482,0.028526939604077206,7092.537170099234,0.07597094847938468,0.015377216362754265
2026-01-26,91025.9,2577.484691415664,0.028315948443417362,6762.180111679763,0.07265958914378016,0.01506590140082244
2026-01-27,91043.3,2555.873575606215,0.02807316491829948,6426.349894908161,0.069258797407521,0.015075858724543135
2026-01-28,91028.33333333333,2565.4590008528326,0.02818308219989563,6142.433278739883,0.06637054611509004,0.014647093815974503
2026-01-29,91057.1,2526.9934207027936,0.027751745011677216,5884.1885191982155,0.06374395850201435,0.013957116022600692
2026-01-30,90857.6,2945.930748068111,0.032423602957464326,5669.270604453257,0.06161987209735153,0.01849808185451165
2026-01-31,90728.33333333333,3173.752813238545,0.034980834504897904,5379.035470638114,0.05865651908156042,0.018698342617689368
2026-02-01,90374.86666666667,3896.5126825222615,0.043115003387987606,5299.292034500209,0.05799182888167562,0.02185743222630846
2026-02-02,89926.3,4659.398830173273,0.0518135276351109,5342.049229746462,0.05866112036084853,0.021957463126127574
2026-02-03,89501.9,5095.00353185889,0.0569262052745125,5373.984281859596,0.05918192313637012,0.022451816087186317
2026-02-04,88972.33333333333,5582.088864569734,0.06273960292416446,5414.209634486683,0.05982090113652384,0.022481847430511452
2026-02-05,88205.53333333334,6416.780811404471,0.07274805297253993,5667.287689742184,0.06285706195360974,0.025692550215302448
2026-02-06,87287.86666666667,7626.24200278597,0.08736886687709902,6116.96136452425,0.06815643591167035,0.029130969098960187
2026-02-07,86590.26666666666,8304.821358012781,0.0959094096566602,6365.616039987065,0.07121549532011315,0.031651242485478306
2026-02-08,85865.43333333333,8837.362938246819,0.10292107772798156,6459.646082467515,0.072600623048636,0.031500679831893134
2026-02-09,85207.0,9217.099985241055,0.1081730372532897,6512.927212238096,0.07351647239165536,0.03192810456172577
2026-02-10,84481.93333333333,9622.672949085256,0.11390213942095614,6647.603483542653,0.07536251460164504,0.03200352413480734
2026-02-11,83649.5,10045.550158291895,0.12009097673377479,6822.003896559327,0.07770013781336707,0.03199360401691325
2026-02-12,82813.46666666666,10353.187351073897,0.12501816151166112,7090.281518176325,0.08106454400188993,0.03199522439229708
2026-02-13,81856.46666666666,10517.310603307129,0.12848478601129207,7374.065146453912,0.08463017607742002,0.03105839025546153
2026-02-14,80943.33333333333,10409.962795432974,0.1286080319000903,7561.632392641802,0.08708178230591533,0.032107285978168226
2026-02-15,80099.1,10196.845233394148,0.12730286898846738,7704.748957226592,0.08901253470702032,0.03264002226490319
2026-02-16,79205.86666666667,9998.819963938959,0.12623837582660913,7931.042299262172,0.09187655264207818,0.03278563967991764
2026-02-17,78314.93333333333,9719.153946907009,0.12410345681505199,8137.101666017073,0.09453806879771982,0.03279213680226461
2026-02-18,77491.13333333333,9519.55702654326,0.12284704864999514,8337.973462047565,0.09717307467535137,0.03264075299829766
2026-02-19,76702.0,9359.005635363119,0.12201775227977261,8567.565543924362,0.1000869404598652,0.03260180741209386
2026-02-20,75983.33333333333,9165.780427796353,0.12062882774024594,8766.407821907544,0.10263115601497846,0.03285315156634535
2026-02-21,75246.26666666666,8876.788200358453,0.11796981556150453,8956.820012096392,0.10510492725036544,0.03277303268997538
2026-02-22,74519.26666666666,8565.721935205722,0.11494640672621205,9145.475740358177,0.10758968335629357,0.03277832367303057
2026-02-23,73688.13333333333,8265.214659095049,0.11216479893318484,9389.054615211138,0.11079511007122918,0.03336410786009527
2026-02-24,72866.83333333333,7938.444992711041,0.10894455858121607,9632.058974818618,0.11401782908342731,0.03336698798383382
2026-02-25,72204.2,7462.097243333518,0.10334713553136131,9760.34920467784,0.11589162890002218,0.03570197166817151
2026-02-26,71512.7,6864.619984207894,0.0959916208478759,9888.320961585327,0.11778181168924295,0.0356196954515556
2026-02-27,70734.63333333333,6063.818226300109,0.085726297579358,10043.99486058971,0.120028045523082,0.03550576456234428
2026-02-28,70028.8,5122.038686250671,0.07314188856942673,10166.030062490601,0.12187302268607302,0.03584419218723646
2026-03-01,69472.23333333334,4612.061216833135,0.06638711605403697,10330.609396618147,0.1241868585671166,0.034170342622052347
2026-03-02,68979.66666666667,3756.3715648659686,0.054456215090427154,10431.321727340113,0.12570374943370322,0.0353717205263425
2026-03-03,68648.33333333333,3322.7369932688116,0.0484022966316562,10484.843683582774,0.12677427267071215,0.033513906129497756
2026-03-04,68524.36666666667,3084.844504920874,0.045018212571404634,10478.069861762095,0.12704157222679058,0.03539138753720203
2026-03-05,68269.9,2490.4069650810948,0.03647884301985348,10495.939684387684,0.12762632924184164,0.03520107666420161
2026-03-06,67989.93333333333,1938.8470966964155,0.02851667889113607,10569.48988841824,0.12889583390911866,0.03558954613052924
2026-03-07,67873.16666666667,1869.6442420830572,0.027546147231719807,10650.22447159603,0.1302758858157141,0.03275581485090456
2026-03-08,67906.5,1825.7152731521408,0.02688572188453448,10726.790062028513,0.13166729957110643,0.028999402577359307
2026-03-09,67888.96666666666,1817.507984772818,0.026771772704933666,10773.06331706935,0.13262776836781842,0.02767884890262944
2026-03-10,67909.46666666666,1836.96293081698,0.02705017460722678,10768.29749850722,0.13298450311542084,0.027930869172060977
2026-03-11,67896.13333333333,1817.9108079736563,0.026774879786580726,10780.737809901742,0.13350604587317558,0.027712817573596376
2026-03-12,67951.76666666666,1873.5855112100962,0.027572285506583784,10759.956820476986,0.13365295441882244,0.02731885861746551
2026-03-13,68092.26666666666,1937.3149020965498,0.028451320494004458,10754.68069152481,0.13394585272219806,0.02664626735605671
2026-03-14,68230.73333333334,2008.3606272768118,0.029434838659364818,10744.826407879193,0.1341746832208282,0.026643202726560254
2026-03-15,68445.13333333333,2129.297354290568,0.031109550826948027,10722.582748323006,0.13421524583151484,0.026707877566225276
2026-03-16,68644.0,2429.857665762004,0.03539796144982816,10711.884190158762,0.13429954844538436,0.02631592206046828
2026-03-17,68762.46666666666,2597.8409435175968,0.037779926600232445,10703.155148014735,0.13443027969601842,0.02622021133199844
2026-03-18,68857.06666666667,2636.253388131931,0.03828587995033089,10713.03705106799,0.1348427978704988,0.02660279859476093
2026-03-19,68906.5,2641.054214148068,0.03832808536419739,10726.946168964523,0.1353479694137271,0.026876703049951312
2026-03-20,68998.3,2649.082094118566,0.03839344004299477,10722.389641002868,0.1356269913582723,0.02686517083250833
2026-03-21,69052.23333333334,2625.806801246345,0.038026384875502625,10733.63300833206,0.13613890554561506,0.027256170199506716
2026-03-22,69048.2,2627.6187777871446,0.03805484832026244,10740.896927491382,0.13663725759360754,0.027273170943834118
2026-03-23,69145.36666666667,2640.544294509119,0.03818830417428479,10730.361354219967,0.1368217703038323,0.028429191947174373
2026-03-24,69243.36666666667,2635.1881105836087,0.038056903317096685,10723.593423596834,0.13705405375690471,0.028424215654262473
2026-03-25,69467.73333333334,2507.734641042656,0.036099272578962165,10699.535197536547,0.1370671741994907,0.027046418525570905
2026-03-26,69624.96666666666,2296.903439991319,0.032989652274993106,10677.972567290937,0.13718795392627106,0.027918741133953606
2026-03-27,69570.76666666666,2356.2806121064573,0.033868832054073345,10696.851437673287,0.13784551051078503,0.02668172996593016
2026-03-28,69532.5,2400.4979476250346,0.034523394781217916,10707.510328915068,0.13840638802329805,0.026655804193450674
2026-03-29,69535.36666666667,2396.037885880561,0.03445783060822135,10692.79015847997,0.13868829062944643,0.02631258218618478
2026-03-30,69525.06666666667,2407.911814362686,0.03463372176120679,10692.256739150433,0.13909473032050643,0.026203556493156564
2026-03-31,69609.03333333334,2312.423694671553,0.033220166750458434,10659.253905678417,0.13907071118773565,0.02626209495751646
2026-04-01,69583.2,2325.326842432738,0.033417934823818655,10633.300129120678,0.13912396283573916,0.02481298861325439
2026-04-02,69535.53333333334,2366.3661321242416,0.03403103447528853,10596.767171118945,0.13909029442770585,0.024980228218113958
2026-04-03,69344.53333333334,2335.693454339408,0.033682445350261804,10539.92703618449,0.138807934094105,0.022034782823253073
2026-04-04,69225.5,2345.9784628755956,0.03388893489935928,10450.908892306154,0.13811938149448677,0.021671567142602998
2026-04-05,69253.43333333333,2337.6806909079687,0.0337554483350472,10319.63866414081,0.1368557354437487,0.02098767646450312
2026-04-06,69306.53333333334,2309.0138771903794,0.03331596266812334,10154.083853135515,0.13515637696793747,0.020841006134881036
2026-04-07,69504.53333333334,2273.2958867041534,0.032707159917206644,9987.374016249341,0.13334343002457077,0.021953932759832376
2026-04-08,69593.13333333333,2282.918288648096,0.03280378651315354,9865.683136075842,0.13208701210469442,0.021190304702724053
2026-04-09,69656.06666666667,2316.9541827705057,0.033262776577065396,9715.340750522068,0.13044755024959778,0.020932135640255006
2026-04-10,69747.6,2393.271856540877,0.03431332198585867,9567.329589945664,0.1287946794723149,0.021117788783232373
2026-04-11,69831.26666666666,2464.8758789948924,0.03529759657319061,9408.029670885817,0.12698397518933086,0.021109004121849035
2026-04-12,69824.33333333333,2461.8675884354084,0.03525801781282659,9224.243024817923,0.12489604264575568,0.02193077116519293
2026-04-13,69934.26666666666,2596.1725267219845,0.03712303925479524,9016.352536457089,0.12240585255835457,0.023885627124979936
2026-04-14,69984.23333333334,2664.4081141692313,0.03807154822256486,8726.160689281362,0.11883870002766445,0.023638915964820657
2026-04-15,69983.43333333333,2662.897458542651,0.038050397525642744,8380.94752166646,0.11450906214290842,0.023063367255696732
2026-04-16,70024.2,2733.7548561993203,0.03904014406732702,8033.557353870759,0.11010616372472648,0.022952244951740225
2026-04-17,70219.93333333333,3020.198382766375,0.04301055611131846,7689.484826494053,0.10568147116516165,0.022283287188169153
2026-04-18,70415.16666666667,3181.844575446624,0.045186921029512446,7318.8125137374145,0.10088577721399912,0.022239388340484327
2026-04-19,70525.26666666666,3243.330492727765,0.0459882060149757,7004.361787205945,0.09682793544224347,0.022759251084196994
2026-04-20,70763.3,3367.019567654125,0.04758143794387945,6734.120529725273,0.0933058920363454,0.022599014663295055
2026-04-21,71046.66666666667,3469.457746892375,0.048833504929516394,6491.346541981361,0.09012496228654295,0.022393766961951125
2026-04-22,71290.06666666667,3706.3539285500524,0.051989766623167497,6235.475295310733,0.0867316322429404,0.021440480948096797
2026-04-23,71547.93333333333,3914.5548558604296,0.05471234001439263,5989.969709541692,0.083460414446102,0.021386436720828756
2026-04-24,71752.46666666666,4059.266714256591,0.05657320093418286,5717.222460397745,0.07980922431048851,0.021484259348621946
2026-04-25,72046.73333333334,4156.008877337244,0.057684903743087726,5458.647002612428,0.07633100102531985,0.020205395339105488
2026-04-26,72457.53333333334,4179.5490825367215,0.0576827403619875,5231.419390288091,0.07325806388323094,0.018747381340437425
2026-04-27,72825.53333333334,4105.985998038981,0.056381131865458095,4957.662289605995,0.06954194544064773,0.019155846606232096
2026-04-28,73171.36666666667,3942.3203257187156,0.053877910244290214,4607.63245361369,0.06476203547941302,0.019357980312397976
2026-04-29,73473.9,3773.1189910589706,0.05135318788112474,4265.0659716996115,0.06006352183713219,0.01945037402796195
2026-04-30,73742.4,3672.4962345935305,0.049801691219617625,4127.791739743574,0.05818608152553862,0.019143423309011608
2026-05-01,74078.5,3597.8976500173285,0.04856871629443534,3976.2053678374864,0.05609734498279243,0.019474504151703622
2026-05-02,74470.6,3424.4931928077217,0.045984498484069165,3984.609773452765,0.056212453506070854,0.019012490420348856
2026-05-03,74858.03333333334,3192.7834519842704,0.04265117997112227,4024.7397374936504,0.05675924070019476,0.01903163531325223
2026-05-04,75275.36666666667,2982.677060482188,0.039623547417444505,4054.914116478133,0.05717299674203865,0.019129579546598944
2026-05-05,75673.33333333333,2910.1807661989424,0.03845715046514328,4148.31730079722,0.05844986279794708,0.018856591075921632
2026-05-06,76092.03333333334,2798.156837724789,0.03677332192539809,4292.036380512061,0.060374194649655946,0.018809287739114645
2026-05-07,76360.23333333334,2775.5443042865877,0.036348033303808494,4344.876028136907,0.06097464962274656,0.017782064358382855
2026-05-08,76662.63333333333,2677.0436921883256,0.034919798287496764,4438.543161079164,0.06218051350583837,0.017541950416619337
2026-05-09,76959.53333333334,2608.8769513196066,0.0338993343426321,4539.3026992875075,0.06347933278595504,0.017519779885705758
2026-05-10,77265.3,2662.5313357392356,0.03445960004994785,4674.551385460361,0.06525390738056963,0.01755726847461164
2026-05-11,77554.33333333333,2660.248813011049,0.03430174303190945,4784.2186518273675,0.0666519525972444,0.017628992334795368
2026-05-12,77878.46666666666,2381.2525932046647,0.030576521278941438,4840.6452064250025,0.06729503062137507,0.01670630411729461
2026-05-13,78037.23333333334,2306.8872397197647,0.029561366301467606,4873.732164482834,0.06762740730298578,0.014464618487405077
2026-05-14,78266.26666666666,2251.242782191225,0.02876389635114692,4924.698968334765,0.06817902455042993,0.014859690999417193
2026-05-15,78407.43333333333,2159.5083521461042,0.027542138038945767,4963.832559968065,0.06861338875460653,0.015647845403177714
2026-05-16,78506.96666666666,2071.151928081492,0.026381759683512064,4996.504235254105,0.06898275147697523,0.01583835938240331
2026-05-17,78516.9,2065.015811077552,0.026300271802345128,5005.424370991053,0.06901054263457367,0.015236407412848926
2026-05-18,78557.7,2019.6058705633818,0.025708566704007143,5007.175806199096,0.06894424033083729,0.014886196687748775
2026-05-19,78656.13333333333,1847.1480670507929,0.02348384021399636,4999.638638739884,0.06874569868883151,0.01409405061279342
2026-05-20,78708.96666666666,1786.5302044087177,0.02269792477361179,4988.094210048348,0.06847874096563564,0.013315095788810245
2026-05-21,78748.83333333333,1744.9345622220535,0.022158227472856364,4985.14465558241,0.06833842585711736,0.013274216696196063
2026-05-22,78658.43333333333,1842.1583421279377,0.023419718192471045,4963.800845819362,0.0679681397020307,0.013433574037317013
2026-05-23,78605.5,1876.467770334395,0.023871965324746933,4944.162018272109,0.06760575384333922,0.0137776129948999
2026-05-24,78590.26666666666,1888.0330201184934,0.02402375128877486,4875.485211027664,0.06654121550664555,0.013676869999338441
2026-05-25,78578.76666666666,1895.1901311830486,0.024118349161962524,4793.590267579857,0.06529280514308212,0.013688486316836486
2026-05-26,78484.73333333334,1960.644755551487,0.024981224657086007,4764.420238168623,0.06481821277611195,0.013866889201990718
2026-05-27,78384.46666666666,2092.5693616541407,0.026696225038474557,4721.5042386176,0.06416758311540732,0.013996683759034212
2026-05-28,78290.96666666666,2244.024363432457,0.028662621742641965,4649.695841327363,0.06311869998638941,0.013937214321134324
2026-05-29,78211.23333333334,2375.166356182344,0.03036860889355208,4595.370892099796,0.06232132458765187,0.01388865816470433
2026-05-30,78126.7,2488.4399786988,0.03185133864221579,4515.085348680649,0.06115843511131549,0.013858671728415222
2026-05-31,77974.06666666667,2622.391300575413,0.0336315830721763,4484.101202374514,0.06069554480958568,0.012992398593980447
2026-06-01,77730.9,2882.404735393861,0.03708183920929593,4453.12996896311,0.060248798795852904,0.013911530690285986
2026-06-02,77333.8,3515.0060420804857,0.04545239005558353,4516.758030351754,0.061165010038480946,0.01827745264889052
2026-06-03,76807.06666666667,4238.502662850261,0.055183759083585984,4623.89134150884,0.06268041915891487,0.018875234565240265
2026-06-04,76236.1,4783.349831482648,0.06274389470975887,4705.376298487196,0.06382684900145197,0.01847033779013339
2026-06-05,75552.66666666667,5436.521373422387,0.07195671064011488,4848.576570672671,0.06583230829978627,0.019529641750439263
2026-06-06,74914.0,5990.570371785199,0.079965965931404,4969.050944196542,0.06752077229916115,0.019535815263222126
2026-06-07,74349.53333333334,6267.785852982768,0.08430161659364059,5058.928207423807,0.06879610155454752,0.0213121203129743
2026-06-08,73762.86666666667,6475.26243767633,0.08778485341327565,5163.891195131746,0.07029576809256578,0.021172357092170184
2026-06-09,73079.93333333333,6638.967046437164,0.09084528055267105,5301.329093532181,0.07226035959339829,0.020734922706914835
2026-06-10,72405.53333333334,6757.055075397455,0.09332235761996258,5439.4801722979155,0.07424521758184549,0.02075786077349457
2026-06-11,71841.23333333334,6766.282688924347,0.09418383252873368,5530.050429827261,0.07556639566830306,0.022114849238898816
2026-06-12,71316.56666666667,6779.977604903209,0.0950687606232195,5619.218620913073,0.07687447893990532,0.022114487337016358
2026-06-13,70760.76666666666,6636.296301315301,0.09378496890200409,5693.7737615261785,0.07799288842329817,0.02175868858638514
2026-06-14,70315.6,6506.416835815234,0.09253162649277306,5741.696096574733,0.0787589345310817,0.022101176518697523
2026-06-15,69921.13333333333,6373.371920481515,0.09115086693600764,5782.529462950532,0.07941133322401091,0.0222409546020732
2026-06-16,69526.9,6257.881746659413,0.09000662688339928,5830.241494753406,0.08013573403671377,0.022251335997103838
2026-06-17,69109.26666666666,6162.61417846715,0.08917203836341027,5888.508229300966,0.08100399797952071,0.02236936111641167
2026-06-18,68645.63333333333,6086.09782397467,0.08865964997979484,5974.403802692899,0.08228185057568779,0.02259275899887224
2026-06-19,68180.76666666666,5919.967920948406,0.08682753524745356,6037.450841439617,0.0832166326695754,0.022623303789662732
2026-06-20,67737.23333333334,5688.0242535696125,0.08397190103084043,6080.861118876965,0.08386132549843484,0.022820716057605776
2026-06-21,67328.86666666667,5550.869156754019,0.08244411990826152,6156.90900578339,0.08500989910139516,0.022561498490582844
2026-06-22,66905.0,5292.2163794479675,0.07910046154170791,6218.3112214708,0.08594429333120775,0.022434755994576085
2026-06-23,66427.13333333333,4988.917011449206,0.07510360241521596,6301.044672754153,0.0872036981382212,0.022503075103195144
2026-06-24,65881.63333333333,4644.825326015639,0.07050258305702256,6403.693893461191,0.08873186478713514,0.022739221366265112
2026-06-25,65344.6,4379.446135662972,0.06702078114584789,6508.522971566923,0.09027625771098184,0.022754629606119407
2026-06-26,64865.566666666666,4139.502407905863,0.0638166383279757,6605.296349354821,0.09170814337668194,0.022755093310527323
2026-06-27,64412.333333333336,3894.0811880149063,0.06045552127203754,6697.286902931546,0.09307187832196447,0.022773338994045843
2026-06-28,63976.8,3573.660331581374,0.055858691456611986,6786.785820054627,0.09440867539981812,0.022883372901278558
2026-06-29,63518.26666666667,3131.445396500706,0.04929991891834851,6891.366519457287,0.09598566470412856,0.022781200371124626
2026-06-30,63048.1,2576.3088719036423,0.04086259335180033,7002.096321380219,0.09765794448556175,0.022765152160535047
2026-07-01,62624.76666666667,2175.6890416022943,0.03474167102582355,7118.410888676541,0.09940699057608855,0.022364702040403688
2026-07-02,62410.76666666667,2079.734609782614,0.03332333058637768,7202.501422844094,0.10068612527775657,0.01989512026287017
2026-07-03,62332.13333333333,2061.2280526566396,0.03306846633395038,7264.009179057872,0.10163501424346767,0.019215833436962978
2026-07-04,62287.3,2042.8352027313556,0.03279697791895548,7321.567569681173,0.10254452702068995,0.019377186036503197
2026-07-05,62347.5,2027.7688222657275,0.03252365888392843,7373.820138416161,0.1033750782283115,0.01739025160707811
2026-07-06,62416.46666666667,2010.6150668707426,0.03221289467743142,7426.377989711493,0.10425879071543347,0.01739090999349122
2026-07-07,62418.666666666664,2011.6000893670275,0.03222754020218889,7473.033811825561,0.10504153071671159,0.015929782896348128
2026-07-08,62402.73333333333,2008.087594829208,0.03217948137147638,7526.716465170595,0.10594784877012058,0.016060639061394773
2026-07-09,62441.26666666667,2004.3919524014696,0.03210043708917078,7573.459449161519,0.10677546906163952,0.015496410513826511
2026-07-10,62518.1,2010.9565462823093,0.03216598946996645,7607.04814886859,0.10740475732435523,0.01571822796452601
2026-07-11,62538.7,2025.0290274635947,0.03238041448676731,7639.3382341786555,0.10797223903758799,0.01456958806680849
2026-07-12,62544.9,2028.4758734001998,0.03243231459959485,7664.268862203292,0.10850848347162997,0.0146303260181548
2026-07-13,62490.6,1999.3073214287083,0.03199372899970089,7699.456625841375,0.10920304616458672,0.014681648148950035
2026-07-14,62384.4,1904.5535380533563,0.0305293236458691,7730.936342495299,0.10986258826265502,0.014119069218689894
2026-07-15,62334.7,1816.2302594037008,0.02913674501367137,7735.926602547641,0.11011326385701331,0.015593975860251331
2026-07-16,62305.566666666666,1768.4446250746016,0.028383412906518277,7722.563747557251,0.11013910623931085,0.015482642682176653
2026-07-17,62253.833333333336,1726.5712101385784,0.027734375823795242,7736.497251718448,0.11056308738893593,0.016033607539499287
2026-07-18,62288.433333333334,1750.20557774481,0.02809840421541308,7751.197196113524,0.1109478954089484,0.0157315178331726
2026-07-19,62326.9,1790.2927972823945,0.028724239409988216,7743.552218615592,0.1110363754818416,0.01576724916005199
2026-07-20,62313.53333333333,1776.9640466227022,0.028516502781461634,7735.830786641801,0.11114720698662929,0.01581832838408611
2026-07-21,62401.5,1885.976190108555,0.03022325088513185,7690.921615702568,0.11071979322836785,0.016540058915887373
2026-07-22,62465.833333333336,1971.8295912128935,0.031566529829046175,7642.323412979127,0.11023836160334292,0.016431661201779524
2026-07-23,62569.066666666666,2060.9677829359753,0.03293908464250666,7602.038718636937,0.10986321277162969,0.01593223998551432
2026-07-24,62718.8,2099.0267104150043,0.033467265164751306,7558.894079385922,0.10945443479923547,0.014973737138529406
2026-07-25,62859.53333333333,2030.9808524428865,0.03230983026350105,7508.1705161697,0.1089778656768923,0.015127107671808056
2026-07-26,63006.26666666667,1974.1387809467412,0.03133241954154943,7468.286401605751,0.10862630234721195,0.015146654881288617
2026-07-27,63188.066666666666,1933.0158665233344,0.030591470328099942,7432.29716354378,0.10829444600622565,0.015325107830755719
2026-07-28,63296.03333333333,1856.048889876085,0.02932330498661188,7411.8954734176405,0.10821124372783285,0.016346658557562274
2026-07-29,63441.13333333333,1756.5718912690218,0.02768821739106734,7377.6251872384955,0.10791992027599864,0.01640181563167987
2026-07-30,63588.933333333334,1591.2413703934342,0.025023872661177428,7317.390899982806,0.10728730112857231,0.016363266609057046
2026-07-31,63774.03333333333,1293.1735751256533,0.020277431229204362,7243.604857180676,0.1064559178382275,0.01606954758774898
2026-08-01,63867.03333333333,1117.965562462244,0.01750457950077913,7174.93790005657,0.10571506584187594,0.015916918586137183
2026-08-02,63926.1,1041.712560460718,0.016295575054018904,7075.436595176647,0.10452947788484758,0.015401397062421277
2026-08-03,63930.96666666667,1034.9023436636303,0.016187810033587744,6952.878370077681,0.10302882300669754,0.015448542255381847
2026-08-04,63960.3,1011.8441392180389,0.015819877943318572,6803.549059920278,0.10111265230286547,0.01570404428660457
2026-08-05,64002.76666666667,993.7276628015403,0.015526323541245982,6673.938941426436,0.09944615944815523,0.015780612029390455
2026-08-06,64051.13333333333,994.711524057535,0.015529959772622318,6530.815744388041,0.09756255489925002,0.015819257743463763
2026-08-07,64107.26666666667,956.7904297377145,0.01492483581795274,6369.975639940779,0.09541945066192525,0.015731465503592886
2026-08-08,64179.166666666664,937.0974660729933,0.01460127195075754,6157.510044141315,0.0925012329259149,0.0158263612050798
2026-08-09,64213.03333333333,941.1972376875971,0.014657417487222435,5944.076546236723,0.08954769574685811,0.015600239044271165
2026-08-10,64249.066666666666,959.9979501898362,0.014941819391251901,5751.77298898869,0.08687210310159175,0.015611697168107163
2026-08-11,64254.5,957.3814412964151,0.014899834895554633,5585.252296638859,0.08457549975317441,0.016054598434506212
2026-08-12,64283.4,922.830974175345,0.014355665291122513,5356.346294173131,0.08134790221326134,0.015810331488172808
2026-08-13,64327.4,865.9648236868082,0.013461834672111856,5171.21127270705,0.07873845880380673,0.015802186058652638
2026-08-14,64266.5,894.6238180726784,0.013920531195454527,5005.003676347894,0.07640358616939388,0.014538912240496152
2026-08-15,64210.8,916.8360286600625,0.014278533029647076,4847.248582029431,0.07417620606584614,0.014543652994742298
2026-08-16,64215.566666666666,909.9762286908858,0.014170648581432526,4692.520068605308,0.07197901716862058,0.013534658864636279
2026-08-17,64204.1,915.7435776465378,0.014263007777486762,4528.857874626972,0.06962540366123961,0.013277359834529125
2026-08-18,64189.46666666667,911.5730145854603,0.014201286627278313,4331.820768054506,0.0667470654635397,0.013237381342947864
2026-08-19,64204.4,909.3004359173602,0.014162587547229788,4117.012528270246,0.06358151392701217,0.013019725242532266
2026-08-20,64335.46666666667,1339.4466622155564,0.020819724043589588,3992.3073717392494,0.06171576886821611,0.019118643345174918
2026-08-21,64657.5,2437.0126391648173,0.03769110527262603,3955.9581047892875,0.06116567673639346,0.023739616649569632
2026-08-22,65047.2,3372.6937908587647,0.051849945744917,3972.0183989760612,0.06140922699214807,0.023984329656557214
2026-08-23,65402.03333333333,3925.8123032349017,0.060025844811678664,3930.162721406799,0.060774939446923165,0.02429614512304483
2026-08-24,65853.03333333334,4488.333585882568,0.06815682374361749,3985.9141903978675,0.06161969061278474,0.0238359125017883
2026-08-25,66388.1,5206.5111115960235,0.07842536707024336,4197.634980583567,0.06482502452084321,0.02450930271871404
2026-08-26,66838.63333333333,5680.961589824194,0.08499517878369038,4359.108414391758,0.0672566871938536,0.024925627604838765
2026-08-27,67347.16666666667,6047.952221596407,0.08980262304917168,4513.851366328968,0.06957945791278852,0.024095483381106265
2026-08-28,67866.83333333333,6438.533073897992,0.09487009718391642,4694.088937051077,0.07228116342556143,0.024111163897571602
2026-08-29,68317.76666666666,6623.785987314747,0.09695554041795981,4790.57159639966,0.07371818898123554,0.02502079623282691
2026-08-30,68786.3,6817.709986397242,0.09911435833003435,4946.689796490484,0.07603074921944068,0.02502929549066015
2026-08-31,69288.53333333334,6932.282227243839,0.10004948717696201,5131.407159173287,0.07871611240612236,0.024632104486068878
2026-09-01,69798.93333333333,7049.14537218241,0.10099216471573219,5324.887565821978,0.08147961622145547,0.024632917714236254
2026-09-02,70296.9,7050.5032755066995,0.10029607671898334,5474.624248275536,0.08357559888843155,0.024699237205710305
2026-09-03,70769.36666666667,7061.715364938031,0.09978491680163919,5602.993757744114,0.08529136864273475,0.02465118778350365
2026-09-04,71320.63333333333,7176.187867467995,0.10061867838341305,5798.897125373731,0.08797766312570182,0.025277353766434228
2026-09-05,71817.13333333333,7222.60428593895,0.1005693760069178,5969.893333342867,0.09032203836609472,0.025565978916420335
2026-09-06,72333.1,7218.788748097174,0.09979924471780102,6131.997463023182,0.0925151156317194,0.025444788511288438
2026-09-07,72822.5,7200.123244874242,0.09887223378590741,6271.357237074925,0.09433310770545279,0.025483274980266722
2026-09-08,73271.3,7102.683398450169,0.09693677331301845,6370.157275373151,0.09555119659103874,0.02581502126059365
2026-09-09,73733.3,7013.211169421279,0.09511592685287758,6494.567884547586,0.0971653700906709,0.025826877149314417
2026-09-10,74217.66666666667,6808.53231099653,0.09173735333900548,6598.1303167949645,0.09847119589705597,0.02546909806132888
2026-09-11,74672.56666666667,6525.805415654613,0.08739227412371361,6679.758781827474,0.09947688201924725,0.025700257119838286
2026-09-12,75120.36666666667,6210.725169960435,0.0826769815637273,6762.6217568962775,0.10051849319040902,0.025720646444825048
2026-09-13,75589.53333333334,5778.841727002518,0.0764502897711921,6839.7902567301235,0.10148521859486985,0.025506472506544614
2026-09-14,76073.43333333333,5279.162607860083,0.06939561390279589,6920.373841626658,0.10247861207661972,0.02548461325125068
