DATE,t,value,lowess,linear_fit,quad_fit,cusum
2025-06-22,0.0,100990.0,111251.45962910623,117816.9422616408,126964.03944456445,0.6835117668523917
2025-06-23,1.0,105376.0,111348.74185141838,117681.43314985918,126706.29740828942,1.5875395286853293
2025-06-24,2.0,106078.0,111444.42211453959,117545.92403807756,126449.10105471301,2.5268619162538672
2025-06-25,3.0,107349.0,111538.47843421374,117410.41492629593,126192.45038383524,3.530086681756804
2025-06-26,4.0,106945.0,111630.89529831517,117274.9058145143,125936.3453956561,4.512999440426148
2025-06-27,5.0,107044.0,111721.66301059163,117139.39670273269,125680.78609017559,5.500889646314614
2025-06-28,6.0,107304.0,111810.77799410111,117003.88759095107,125425.77246739372,6.501851935808858
2025-06-29,7.0,108361.0,111898.24300254574,116868.37847916945,125171.30452731048,7.5559572728850535
2025-06-30,8.0,107171.0,111984.0669909468,116732.86936738782,124917.38226992586,8.550232688842495
2025-07-01,9.0,105694.0,112068.26477309963,116597.3602556062,124664.00569523987,9.470248614470192
2025-07-02,10.0,108843.0,112150.85809697238,116461.85114382458,124411.17480325254,10.548587583461714
2025-07-03,11.0,109600.0,112231.87641001551,116326.34203204296,124158.88959396382,11.664986426643905
2025-07-04,12.0,107989.0,112311.3552657462,116190.83292026134,123907.15006737372,12.700388628714911
2025-07-05,13.0,108204.0,112389.33580828292,116055.3238084797,123655.95622348227,13.746600438383002
2025-07-06,14.0,109207.0,112465.86598041991,115919.81469669809,123405.30806228943,14.843240324422613
2025-07-07,15.0,108269.0,112541.00076460725,115784.30558491647,123155.20558379525,15.892720154992148
2025-07-08,16.0,108913.0,112614.80189665181,115648.79647313485,122905.64878799969,16.974578531108303
2025-07-09,17.0,111246.0,112687.33849270694,115513.28736135323,122656.63767490275,18.173733718963994
2025-07-10,18.0,115993.0,112758.6866823256,115377.77824957161,122408.17224450444,19.61155498711441
2025-07-11,19.0,117535.0,112828.92724207972,115242.26913778998,122160.25249680478,21.126903766496014
2025-07-12,20.0,117419.0,112898.14157307839,115106.76002600836,121912.87843180374,22.636420385499658
2025-07-13,21.0,119090.0,112966.40994791221,114971.25091422674,121666.05004950134,24.229950280292744
2025-07-14,22.0,119849.0,113033.81115078663,114835.74180244512,121419.76734989756,25.86164060376577
2025-07-15,23.0,119884.0,113100.42156904141,114700.2326906635,121174.0303329924,27.495090630801116
2025-07-16,24.0,117678.0,113166.31459404076,114564.72357888187,120928.8389987859,29.017629056165898
2025-07-17,25.0,118748.0,113231.56063331584,114429.21446710025,120684.19334727802,30.59396413329292
2025-07-18,26.0,119445.0,113296.22782825746,114293.70535531863,120440.09337846877,32.20534244993236
2025-07-19,27.0,117989.0,113360.38153739856,114158.19624353701,120196.53909235814,33.74351709837944
2025-07-20,28.0,117901.0,113424.08385235614,114022.68713175539,119953.53048894615,35.27726734929841
2025-07-21,29.0,117256.0,113487.3939918737,113887.17801997375,119711.0675682328,36.77858877742612
2025-07-22,30.0,117734.0,113550.36839329755,113751.66890819214,119469.15033021808,38.30394272849061
2025-07-23,31.0,118473.0,113613.06080190493,113616.15979641052,119227.77877490199,39.866451563342295
2025-07-24,32.0,117569.0,113675.52169701426,113480.6506846289,118986.95290228452,41.38350976904158
2025-07-25,33.0,115331.0,113737.79754334241,113345.14157284728,118746.67271236569,42.7880475012419
2025-07-26,34.0,117396.0,113799.93116766587,113209.63246106564,118506.93820514549,44.29640774361888
2025-07-27,35.0,118318.0,113861.96274956148,113074.12334928403,118267.74938062392,45.85112360555173
2025-07-28,36.0,119466.0,113923.92810835688,112938.6142375024,118029.10623880099,47.463557744328554
2025-07-29,37.0,118883.0,113985.85671830321,112803.10512572079,117791.00877967669,49.04668024948165
2025-07-30,38.0,118290.0,114047.76967528554,112667.59601393917,117553.45700325101,50.59998834856465
2025-07-31,39.0,118658.0,114109.67815709783,112532.08690215753,117316.45090952396,52.171798473674286
2025-08-01,40.0,115133.0,114171.5814535678,112396.57779037592,117079.99049849555,53.56638131143636
2025-08-02,41.0,113653.0,114233.46430327283,112261.0686785943,116844.07577016577,54.886553827134776
2025-08-03,42.0,113503.0,114295.2960170068,112125.55956681268,116608.70672453463,56.19918475613755
2025-08-04,43.0,114426.0,114357.0273899762,111990.05045503106,116373.8833616021,57.558221581940835
2025-08-05,44.0,114152.0,114418.5833091486,111854.54134324944,116139.60568136822,58.90348244271341
2025-08-06,45.0,114101.0,114479.85021894622,111719.0322314678,115905.87368383296,60.246179164009476
2025-08-07,46.0,114718.0,114540.65862417556,111583.52311968619,115672.68736899634,61.61989694524694
2025-08-08,47.0,116686.0,114600.75707632056,111448.01400790457,115440.04673685835,63.09256034393122
2025-08-09,48.0,116654.0,114659.77284456507,111312.50489612295,115207.95178741898,64.56361487078709
2025-08-10,49.0,118056.0,114717.15484829865,111176.99578434133,114976.40252067825,66.10515809462488
2025-08-11,50.0,122230.0,114772.09855058038,111041.4866725597,114745.39893663615,67.85655853758006
2025-08-12,51.0,118901.0,114823.45004244882,110905.97756077808,114514.94103529268,69.44058603313664
2025-08-13,52.0,119366.0,114869.60159354939,110770.46844899646,114285.02881664784,71.0479924474497
2025-08-14,53.0,121841.0,114908.42445516023,110634.95933721484,114055.66228070164,72.77983504224085
2025-08-15,54.0,119168.0,114937.32022900834,110499.45022543322,113826.84142745407,74.37728656211567
2025-08-16,55.0,117506.0,114953.56039513707,110363.94111365158,113598.56625690512,75.89117730140279
2025-08-17,56.0,118001.0,114938.34706581893,110228.43200186997,113370.83676905482,77.42995527678552
2025-08-18,57.0,115266.0,114919.61152581159,110092.92289008835,113143.65296390314,78.8312249880844
2025-08-19,58.0,115023.0,114897.63721708512,109957.41377830673,112917.01484145009,80.22027732893633
2025-08-20,59.0,113667.0,114872.72857389,109821.90466652511,112690.92240169567,81.54115372605968
2025-08-21,60.0,113811.0,114845.19647639494,109686.39555474347,112465.37564463988,82.86927004641083
2025-08-22,61.0,113013.0,114815.36237318048,109550.88644296186,112240.37457028273,84.15726512554117
2025-08-23,62.0,115713.0,114783.53911219763,109415.37733118024,112015.9191786242,85.58100876519306
2025-08-24,63.0,114830.0,114749.98427197248,109279.86821939862,111792.0094696643,86.96035759782994
2025-08-25,64.0,111949.0,114714.89088671762,109144.359107617,111568.64544340305,88.19485768866588
2025-08-26,65.0,110003.0,114678.40666585017,109008.84999583536,111345.82709984042,89.33151826143703
2025-08-27,66.0,111032.0,114640.66756448937,108873.34088405374,111123.55443897643,90.51991411894026
2025-08-28,67.0,113215.0,114601.76861852349,108737.83177227213,110901.82746081105,91.8180652014874
2025-08-29,68.0,111270.0,114561.77062511139,108602.3226604905,110680.64616534433,93.0184270432144
2025-08-30,69.0,108224.0,114520.7249974329,108466.81354870889,110460.01055257622,94.06564439777524
2025-08-31,70.0,108733.0,114478.67935092762,108331.30443692725,110239.92062250675,95.13845286985664
2025-09-01,71.0,108066.0,114435.67500923105,108195.79532514563,110020.37637513591,96.17772641976474
2025-09-02,72.0,110398.0,114391.75121938763,108060.28621336402,109801.37781046369,97.33424650416774
2025-09-03,73.0,110713.0,114346.95431261233,107924.7771015824,109582.92492849012,98.50660392063159
2025-09-04,74.0,110424.0,114301.31533734023,107789.26798980078,109365.01772921516,99.66443121339518
2025-09-05,75.0,111859.0,114254.84424410482,107653.75887801914,109147.65621263885,100.89440635221372
2025-09-06,76.0,110771.0,114207.5417319047,107518.24976623752,108930.84037876116,102.06967984886656
2025-09-07,77.0,110530.0,114159.40129293034,107382.7406544559,108714.57022758211,103.23283652956172
2025-09-08,78.0,111110.0,114110.42006843117,107247.23154267429,108498.84575910168,104.4251540121467
2025-09-09,79.0,113082.0,114060.61299013664,107111.72243089267,108283.6669733199,105.71661822115705
2025-09-10,80.0,111810.0,114009.98069199179,106976.21331911103,108069.03387023673,106.94412977498835
2025-09-11,81.0,114399.0,113958.46831669091,106840.70420732941,107854.9464498522,108.30180911518643
2025-09-12,82.0,115350.0,113905.941602771,106705.1950955478,107641.4047121663,109.70730211503486
2025-09-13,83.0,115796.0,113852.21143708876,106569.68598376618,107428.40865717904,111.13521876599167
2025-09-14,84.0,115776.0,113797.04413461438,106434.17687198456,107215.9582848904,112.56212987205572
2025-09-15,85.0,116135.0,113740.17115593907,106298.66776020294,107004.0535953004,114.00709050894467
2025-09-16,86.0,115768.0,113681.31297536902,106163.1586484213,106792.69458840902,115.43359939705162
2025-09-17,87.0,117218.0,113620.23666300316,106027.64953663968,106581.88126421628,116.9330102898831
2025-09-18,88.0,117101.0,113556.7548952784,105892.14042485807,106371.61362272217,118.42653874509199
2025-09-19,89.0,116783.0,113490.70594884397,105756.63131307645,106161.8916639267,119.90407903650612
2025-09-20,90.0,115745.0,113421.92976459216,105621.12220129483,105952.71538782986,121.3294315479864
2025-09-21,91.0,115747.0,113350.18994221839,105485.6130895132,105744.08479443163,122.75488461395597
2025-09-22,92.0,112876.0,113275.18417031504,105350.10397773157,105535.99988373205,124.03599171057095
2025-09-23,93.0,113091.0,113196.5770018013,105214.59486594996,105328.46065573109,125.32790841478304
2025-09-24,94.0,112609.0,113114.0342896121,105079.08575416834,105121.46711042877,126.59559148707979
2025-09-25,95.0,111544.0,113027.2416829194,104943.57664238672,104915.01924782508,127.80972929383749
2025-09-26,96.0,109389.0,112935.90711698183,104808.0675306051,104709.11706792003,128.91551963840115
2025-09-27,97.0,109586.0,112839.78060019344,104672.55841882346,104503.7605707136,130.03121460015842
2025-09-28,98.0,109432.0,112738.67400927485,104537.04930704185,104298.9497562058,131.13916686624148
2025-09-29,99.0,111681.0,112632.4334103445,104401.54019526023,104094.68462439664,132.36019265551454
2025-09-30,100.0,113963.0,112520.88907278466,104266.0310834786,103890.9651752861,133.6959511170506
2025-10-01,101.0,114284.0,112403.82127932963,104130.52197169699,103687.7914088742,135.04784857411536
2025-10-02,102.0,118628.0,112280.93296763056,103995.01285991535,103485.16332516092,136.61815038188587
2025-10-03,103.0,119922.0,112151.83914980004,103859.50374813373,103283.08092414628,138.25351094421745
2025-10-04,104.0,122514.0,112016.0679170978,103723.99463635212,103081.54420583027,140.0191901246497
2025-10-05,105.0,125058.0,111873.0835642198,103588.4855245705,102880.5531702129,141.91277461544001
2025-10-06,106.0,123961.0,111722.29982881628,103452.97641278888,102680.10781729415,143.75120496886288
2025-10-07,107.0,123962.0,111563.11283608768,103317.46730100724,102480.20814707404,145.58968559953038
2025-10-08,108.0,121819.0,111394.94035617837,103181.95818922562,102280.85415955255,147.3204220949395
2025-10-09,109.0,121939.0,111217.22712176388,103046.449077444,102082.0458547297,149.0571918597051
2025-10-10,110.0,121446.0,111029.49786859397,102910.93996566239,101883.78323260548,150.7691749428644
2025-10-11,111.0,112161.0,110831.40101399882,102775.43085388077,101686.06629317989,152.0143338095635
2025-10-12,112.0,111850.0,110622.70038507263,102639.92174209913,101488.89503645293,153.2438564531803
2025-10-13,113.0,115316.0,110403.26034278223,102504.41263031751,101292.2694624246,154.64764002671106
2025-10-14,114.0,112031.0,110173.05758084188,102368.9035185359,101096.1895710949,155.88626285160728
2025-10-15,115.0,112441.0,109932.17212785626,102233.39440675428,100900.65536246385,157.1454993468049
2025-10-16,116.0,111693.0,109680.78057316456,102097.88529497266,100705.66683653141,158.36712846301361
2025-10-17,117.0,106815.0,109419.15843991179,101962.37618319102,100511.22399329761,159.34350517988008
2025-10-18,118.0,106944.0,109147.66034302849,101826.8670714094,100317.32683276244,160.3263676613048
2025-10-19,119.0,106800.0,108866.73452859181,101691.35795962779,100123.9753549259,161.3019902195017
2025-10-20,120.0,111343.0,108576.92258105581,101555.84884784617,99931.16955978799,162.50602230008724
2025-10-21,121.0,107945.0,108278.83734335823,101420.33973606455,99738.9094473487,163.53921230339418
2025-10-22,122.0,108056.0,107973.10732672285,101284.83062428291,99547.19501760806,164.57798308085592
2025-10-23,123.0,110192.0,107660.32990300361,101149.3215125013,99356.02627056606,165.72414605286357
2025-10-24,124.0,111487.0,107341.06950589524,101013.81240071967,99165.40320622266,166.93541805667692
2025-10-25,125.0,111386.0,107015.86682219987,100878.30328893806,98975.32582457791,168.14161205878187
2025-10-26,126.0,111638.0,106685.23464998609,100742.79417715644,98785.7941256318,169.3604759265355
2025-10-27,127.0,115997.0,106349.65897331096,100607.2850653748,98596.8081093843,170.79849830366447
2025-10-28,128.0,114102.0,106009.598819053,100471.77595359318,98408.36777583545,172.14124530220516
2025-10-29,129.0,113333.0,105665.48815503399,100336.26684181156,98220.47312498522,173.44532909961956
2025-10-30,130.0,110818.0,105317.72216311964,100200.75773002995,98033.12415683363,174.62296562677037
2025-10-31,131.0,109588.0,104966.65463155115,100065.24861824833,97846.32087138067,175.73876114301692
2025-11-01,132.0,109933.0,104612.61409491755,99929.73950646669,97660.06326862633,176.87190230866344
2025-11-02,133.0,110638.0,104255.92049881017,99794.23039468507,97474.35134857064,178.04048893177946
2025-11-03,134.0,107421.0,103896.85996418068,99658.72128290345,97289.18511121356,179.04733365889632
2025-11-04,135.0,104623.0,103535.68079908546,99523.21217112184,97104.56455655512,179.91350265551714
2025-11-05,136.0,102069.0,103172.61189831582,99387.70305934022,96920.48968459532,180.6512635693335
2025-11-06,137.0,103322.0,102807.85940736036,99252.19394755858,96736.96049533413,181.4520218706808
2025-11-07,138.0,101867.0,102441.60794642233,99116.68483577696,96553.97698877158,182.17962678108037
2025-11-08,139.0,102176.0,102074.03590994154,98981.17572399534,96371.53916490768,182.92276736007295
2025-11-09,140.0,101707.0,101705.3478821511,98845.66661221372,96189.6470237424,183.6423279113305
2025-11-10,141.0,106185.0,101335.79341322847,98710.1575004321,96008.30056527574,184.58702996407527
2025-11-11,142.0,105158.0,100965.67363655039,98574.64838865047,95827.49978950772,185.4800972865772
2025-11-12,143.0,103349.0,100595.3350454759,98439.13927686885,95647.24469643834,186.2822130735297
2025-11-13,144.0,103581.0,100225.16537744104,98303.63016508723,95467.53528606758,187.09599318123813
2025-11-14,145.0,97166.0,99855.60804373969,98168.12105330561,95288.37155839545,187.5872447645963
2025-11-15,146.0,96115.0,99487.15986269979,98032.611941524,95109.75351342195,188.02565496384037
2025-11-16,147.0,95813.0,99120.38049961344,97897.10282974236,94931.6811511471,188.44888143520387
2025-11-17,148.0,95182.0,98755.88093349517,97761.59371796076,94754.15447157086,188.84038296520103
2025-11-18,149.0,89587.0,98394.31009268506,97626.08460617912,94577.17347469326,188.9505833114508
2025-11-19,150.0,90941.0,98036.31871305704,97490.5754943975,94400.7381605143,189.12885904693988
2025-11-20,151.0,91814.0,97682.54610005733,97355.06638261589,94224.84852903396,189.35102681699757
2025-11-21,152.0,85490.0,97333.59329566329,97219.55727083425,94049.50458025225,189.25524129196705
2025-11-22,153.0,84584.0,96989.9899145787,97084.04815905265,93874.70631416916,189.11390458329487
2025-11-23,154.0,85865.0,96652.1710290631,96948.53904727101,93700.45373078473,189.03697302500345
2025-11-24,155.0,86900.0,96320.46683511231,96813.0299354894,93526.74683009891,189.01207841491194
2025-11-25,156.0,88048.0,95995.0995418257,96677.52082370777,93353.58561211174,189.04490208166442
2025-11-26,157.0,87831.0,95676.21374420555,96542.01171192616,93180.97007682319,189.06681558633053
2025-11-27,158.0,91249.0,95363.90553844419,96406.50260014454,93008.90022423326,189.260576713168
2025-11-28,159.0,91324.0,95058.2390593491,96270.9934883629,92837.37605434198,189.45810863335328
2025-11-29,160.0,90559.0,94759.2908501375,96135.48437658128,92666.39756714932,189.61717846139078
2025-11-30,161.0,90900.0,94467.17872734093,95999.97526479966,92495.96476265529,189.79339282984972
2025-12-01,162.0,86316.0,94182.07564018106,95864.46615301805,92326.0776408599,189.73913630888987
2025-12-02,163.0,87101.0,93904.20213389167,95728.95704123643,92156.73620176314,189.72434742497055
2025-12-03,164.0,93392.0,93633.82776423231,95593.4479294548,91987.940445365,190.0258526870664
2025-12-04,165.0,93130.0,93371.26546920024,95457.93881767317,91819.69037166552,190.31418531106718
2025-12-05,166.0,92284.0,93116.86382258641,95322.42970589155,91651.98598066464,190.55998338610456
2025-12-06,167.0,89691.0,92870.98788971834,95186.92059410994,91484.82727236241,190.67541256579662
2025-12-07,168.0,89675.0,92633.96892999047,95051.41148232832,91318.2142467588,190.79003730957447
2025-12-08,169.0,91453.0,92406.05902422227,94915.90237054668,91152.14690385383,190.994054994318
2025-12-09,170.0,90157.0,92187.3773136538,94780.39325876506,90986.62524364749,191.13291337001118
2025-12-10,171.0,92719.0,91977.91427243546,94644.88414698344,90821.64926613976,191.40058204646593
2025-12-11,172.0,90310.0,91777.54213346896,94509.37503520183,90657.21897133069,191.54713284058866
2025-12-12,173.0,92526.0,91586.00256259963,94373.8659234202,90493.33435922023,191.80509800882834
2025-12-13,174.0,90354.0,91402.8902350545,94238.35681163857,90329.99542980842,191.95386100171513
2025-12-14,175.0,90151.0,91227.64210424214,94102.84769985695,90167.20218309524,192.09241771394048
2025-12-15,176.0,89776.0,91059.53490859336,93967.33858807533,90004.95461908067,192.21212045942673
2025-12-16,177.0,86541.0,90897.7078991893,93831.82947629371,89843.25273776475,192.16917631851032
2025-12-17,178.0,86751.0,90741.22004938268,93696.3203645121,89682.09653914746,192.13679039896783
2025-12-18,179.0,86582.0,90589.0610337622,93560.81125273046,89521.48602322879,192.09590762508157
2025-12-19,180.0,87310.0,90440.1762888487,93425.30214094884,89361.42119000877,192.0916266852915
2025-12-20,181.0,88251.0,90293.50147613132,93289.79302916722,89201.90203948737,192.1346566327054
2025-12-21,182.0,88056.0,90147.98290415961,93154.2839173856,89042.9285716646,192.16788251741497
2025-12-22,183.0,88945.0,90002.57311538026,93018.77480560399,88884.50078654046,192.24580487260738
2025-12-23,184.0,87364.0,89856.23098967709,92883.26569382235,88726.61868411496,192.24423890402772
2025-12-24,185.0,86932.0,89707.91044123846,92747.75658204073,88569.28226438808,192.22095316576463
2025-12-25,186.0,87780.0,89556.57533563647,92612.24747025911,88412.49152735985,192.24030253095424
2025-12-26,187.0,89122.0,89401.21689195684,92476.7383584775,88256.24647303023,192.32712395844752
2025-12-27,188.0,87411.0,89240.86881705136,92341.22924669588,88100.54710139925,192.32792102036584
2025-12-28,189.0,87692.0,89074.62013815017,92205.72013491424,87945.3934124669,192.34284598802734
2025-12-29,190.0,89675.0,88901.63904176147,92070.21102313262,87790.78540623319,192.4574707318052
2025-12-30,191.0,87320.0,88721.1944425558,91934.701911351,87636.7230826981,192.45369256446148
2025-12-31,192.0,88395.0,88532.66521234087,91799.19279956938,87483.20644186164,192.5039624351032
2026-01-01,193.0,87519.0,88335.53278243502,91663.68368778776,87330.23548372382,192.5101894394424
2026-01-02,194.0,88866.0,88129.36631175996,91528.17457600613,87177.81020828463,192.58413989230843
2026-01-03,195.0,89846.0,87913.83761046719,91392.66546422451,87025.93061554407,192.70736204491934
2026-01-04,196.0,91241.0,87688.7162352617,91257.1563524429,86874.59670550213,192.9007209537997
2026-01-05,197.0,92434.0,87453.87401638328,91121.64724066127,86723.80847815884,193.15406061553273
2026-01-06,198.0,93778.0,87209.29237974041,90986.13812887965,86573.56593351418,193.4749728940587
2026-01-07,199.0,92566.0,86955.11560012518,90850.62901709802,86423.86907156813,193.73494915208389
2026-01-08,200.0,89913.0,86691.67318650094,90715.1199053164,86274.71789232074,193.8615398800855
2026-01-09,201.0,91013.0,86419.51862360658,90579.61079353478,86126.11239577195,194.0434355771885
2026-01-10,202.0,90380.0,86139.39522109351,90444.10168175316,85978.05258192182,194.19350577843588
2026-01-11,203.0,90627.0,85852.13262608311,90308.59256997154,85830.53845077031,194.35599445910876
2026-01-12,204.0,91723.0,85558.5942741948,90173.08345818991,85683.57000231743,194.57358699990445
2026-01-13,205.0,92144.0,85259.65242116305,90037.57434640829,85537.14723656318,194.81234626069258
2026-01-14,206.0,94960.0,84956.19123934423,89902.06523462667,85391.27015350756,195.1926862423802
2026-01-15,207.0,96286.0,84649.09141214316,89766.55612284505,85245.93875315058,195.6396938504573
2026-01-16,208.0,95699.0,84339.21319750021,89631.04701106343,85101.15303549223,196.0571887159321
2026-01-17,209.0,95215.0,84027.3822614503,89495.5378992818,84956.9130005325,196.45034939500232
2026-01-18,210.0,95116.0,83714.38397120929,89360.0287875002,84813.2186482714,196.8385326268534
2026-01-19,211.0,92513.0,83400.9650571443,89224.51967571856,84670.06997870895,197.0958441909128
2026-01-20,212.0,90790.0,83087.8355250184,89089.01056393694,84527.46699184513,197.2665280624616
2026-01-21,213.0,89530.0,82775.6621439673,88953.50145215532,84385.40968767993,197.373862605767
2026-01-22,214.0,90090.0,82465.03596981728,88817.99234037369,84243.89806621335,197.50935240606947
2026-01-23,215.0,89395.0,82156.43200191215,88682.48322859209,84102.93212744541,197.6098995213488
2026-01-24,216.0,89512.0,81850.19602138308,88546.97411681045,83962.51187137612,197.71632907425075
2026-01-25,217.0,88713.0,81546.54942162451,88411.46500502883,83822.63729800546,197.78258710868724
2026-01-26,218.0,87826.0,81245.56880352582,88275.95589324721,83683.30840733342,197.80424922713016
2026-01-27,219.0,88214.0,80947.18989786928,88140.4467814656,83544.52519936,197.8454189164925
2026-01-28,220.0,89226.0,80651.24286623047,88004.93766968398,83406.28767408521,197.93746917742806
2026-01-29,221.0,88183.0,80357.46500771398,87869.42855790234,83268.59583150907,197.97708027220662
2026-01-30,222.0,82410.0,80065.5404573895,87733.91944612072,83131.44967163156,197.72644083369227
2026-01-31,223.0,83641.0,79775.0857784535,87598.4103343391,82994.84919445268,197.5376926833268
2026-02-01,224.0,78262.0,79485.6292178628,87462.90122255748,82858.79439997242,197.07850323405566
2026-02-02,225.0,76389.0,79196.6074534476,87327.39211077587,82723.28528819079,196.52514450557828
2026-02-03,226.0,78509.0,78907.39851218845,87191.88299899423,82588.3218591078,196.07837353573262
2026-02-04,227.0,76547.0,78617.37865597538,87056.37388721261,82453.90411272345,195.532958611908
2026-02-05,228.0,70774.0,78325.95832175849,86920.864775431,82320.03204903772,194.69729315479043
2026-02-06,229.0,65036.0,78032.62191149508,86785.35566364937,82186.70566805062,193.57313686794228
2026-02-07,230.0,68985.0,77736.92813481465,86649.84655186775,82053.92496976216,192.64752542016805
2026-02-08,231.0,69268.0,77438.54756475227,86514.33744008612,81921.68995417233,191.73614243262625
2026-02-09,232.0,70627.0,77137.27913189055,86378.8283283045,81790.00062128111,190.89308622054696
2026-02-10,233.0,68875.0,76833.0785154051,86243.31921652288,81658.85697108855,189.9619442758626
2026-02-11,234.0,66750.0,76526.06687850482,86107.81010474126,81528.2590035946,188.92396318632333
2026-02-12,235.0,67063.0,76216.5315085942,85972.30099295964,81398.2067187993,187.90171887435562
2026-02-13,236.0,66250.0,75904.90506277695,85836.79188117801,81268.70011670262,186.83859916249753
2026-02-14,237.0,68892.0,75591.75631854974,85701.28276939639,81139.73919730456,185.908311930972
2026-02-15,238.0,70372.0,75277.79232610165,85565.77365761477,81011.32396060516,185.05243502151012
2026-02-16,239.0,68418.0,74963.84604936528,85430.26454583315,80883.45440660437,184.09831637602636
2026-02-17,240.0,68388.0,74650.84823912577,85294.75543405153,80756.13053530222,183.14268941320347
2026-02-18,241.0,67799.0,74339.84999628835,85159.2463222699,80629.3523466987,182.15744915328904
2026-02-19,242.0,67116.0,74031.98905701506,85023.73721048828,80503.1198407938,181.1378695352871
2026-02-20,243.0,67970.0,73728.45709834555,84888.22809870666,80377.43301758755,180.1612266842057
2026-02-21,244.0,67978.0,73430.4879625373,84752.71898692504,80252.29187707993,179.1849860510814
2026-02-22,245.0,67585.0,73139.35208904582,84617.20987514342,80127.69641927093,178.18898646081453
2026-02-23,246.0,64578.0,72856.30033620939,84481.70076336179,80003.64664416056,177.04180319592237
2026-02-24,247.0,64074.0,72582.52729657582,84346.19165158017,79880.14255174884,175.86928019973286
2026-02-25,248.0,67947.0,72319.18230090088,84210.68253979855,79757.18414203572,174.8914809720248
2026-02-26,249.0,67469.0,72067.33164597976,84075.17342801693,79634.77141502126,173.88964922137995
2026-02-27,250.0,65884.0,71827.94243685092,83939.66431623531,79512.90437070542,172.80812803798452
2026-02-28,251.0,67008.0,71601.85920349402,83804.15520445368,79391.58300908821,171.78311847756174
2026-03-01,252.0,65713.0,71389.80458807299,83668.64609267208,79270.80733016963,170.69299988533325
2026-03-02,253.0,68864.0,71192.39062174658,83533.13698089044,79150.57733394968,169.76130489095786
2026-03-03,254.0,68322.0,71010.13686531635,83397.62786910882,79030.89302042837,168.8023596299889
2026-03-04,255.0,72670.0,70843.46937622459,83262.1187573272,78911.75438960569,168.06201982870425
2026-03-05,256.0,70875.0,70692.71163743938,83126.60964554557,78793.16144148164,167.2314323732951
2026-03-06,257.0,68148.0,70558.06862752674,82991.10053376397,78675.11417605622,166.2637388717592
2026-03-07,258.0,67271.0,70439.63351628446,82855.59142198233,78557.61259332942,165.2519522266761
2026-03-08,259.0,66036.0,70337.42475496995,82720.08231020071,78440.65669330128,164.17807318446557
2026-03-09,260.0,68459.0,70251.41122666938,82584.5731984191,78324.24647597174,163.22601590601195
2026-03-10,261.0,69883.0,70181.53531025798,82449.06408663746,78208.38194134086,162.3455534239223
2026-03-11,262.0,70227.0,70127.7336379461,82313.55497485586,78093.06308940859,161.48238631398797
2026-03-12,263.0,70544.0,70089.94623182878,82178.04586307422,77978.28992017495,160.63515709060377
2026-03-13,264.0,70965.0,70068.0883307275,82042.5367512926,77864.06243363995,159.809094587212
2026-03-14,265.0,71217.0,70062.00335707961,81907.02763951098,77750.38062980358,158.99570194946892
2026-03-15,266.0,72682.0,70071.43973275906,81771.51852772935,77637.24450866584,158.25596547511992
2026-03-16,267.0,74858.0,70096.03326478424,81636.00941594774,77524.65407022674,157.62563228510237
2026-03-17,268.0,73926.0,70135.29021816477,81500.50030416611,77412.60931448627,156.94844070308255
2026-03-18,269.0,71256.0,70188.60357921472,81364.99119238449,77301.11024144442,156.13700887788033
2026-03-19,270.0,69871.0,70255.26994281984,81229.48208060287,77190.1568511012,155.25594306885503
2026-03-20,271.0,70553.0,70334.50392288971,81093.97296882124,77079.74914345663,154.40916634067256
2026-03-21,272.0,68734.0,70425.4511765876,80958.46385703963,76969.88711851067,153.47093530449428
2026-03-22,273.0,67849.0,70527.18921743502,80822.954745258,76860.57077626335,152.48820890681174
2026-03-23,274.0,70893.0,70638.73260354422,80687.44563347638,76751.80011671467,151.65852644180606
2026-03-24,275.0,70525.0,70759.04651257813,80551.93652169476,76643.57513986461,150.81034195077373
2026-03-25,276.0,71309.0,70887.06015642209,80416.42740991313,76535.89584571318,150.0015748195373
2026-03-26,277.0,68791.0,71021.68387709653,80280.91829813152,76428.76223426039,149.06620958630336
2026-03-27,278.0,66321.0,71161.82896289795,80145.40918634989,76322.17430550623,148.00665955881453
2026-03-28,279.0,66321.0,71306.44070559971,80009.90007456827,76216.1320594507,146.9471095313257
2026-03-29,280.0,65970.0,71454.52399850855,79874.39096278665,76110.63549609378,145.8699121909691
2026-03-30,281.0,66699.0,71605.18398544694,79738.88185100502,76005.68461543552,144.8293669619533
2026-03-31,282.0,68232.0,71757.6197196219,79603.37273922341,75901.27941747589,143.86589674896695
2026-04-01,283.0,68089.0,71911.12429843353,79467.86362744178,75797.41990221487,142.89523688999742
2026-04-02,284.0,66892.0,72065.11038680848,79332.35451566016,75694.10606965251,141.86439516919668
2026-04-03,285.0,66940.0,72219.089997392,79196.84540387854,75591.33791978876,140.83596675613853
2026-04-04,286.0,67304.0,72372.59889933378,79061.33629209691,75489.11545262364,139.82583926012848
2026-04-05,287.0,68986.0,72525.14524722708,78925.8271803153,75387.43866815716,138.90027808959888
2026-04-06,288.0,68864.0,72676.2407615293,78790.31806853367,75286.3075663893,137.9685830952235
2026-04-07,289.0,71976.0,72825.41891123904,78654.80895675205,75185.7221473201,137.19335088616035
2026-04-08,290.0,71117.0,72972.22617185496,78519.29984497043,75085.68241094949,136.37493052395348
2026-04-09,291.0,71771.0,73116.17153612086,78383.7907331888,74986.18835727754,135.58939147973962
2026-04-10,292.0,72973.0,73256.70908546615,78248.2816214072,74887.23998630422,134.86428568358016
2026-04-11,293.0,73054.0,73393.25246964487,78112.77250962556,74788.83729802952,134.14325234423634
2026-04-12,294.0,70757.0,73525.19607271109,77977.26339784394,74690.98029245347,133.30673217395994
2026-04-13,295.0,74515.0,73651.95415351809,77841.75428606232,74593.66896957604,132.65915388903167
2026-04-14,296.0,74181.0,73772.98799847199,77706.2451742807,74496.90332939723,131.99478300439444
2026-04-15,297.0,74834.0,73887.79741295769,77570.73606249908,74400.68337191707,131.36324316050556
2026-04-16,298.0,75149.0,73995.92617222815,77435.22695071745,74305.00909713552,130.74754064867753
2026-04-17,299.0,77128.0,74096.96140477079,77299.71783893583,74209.88050505263,130.23133680398735
2026-04-18,300.0,75728.0,74190.52996476584,77164.20872715421,74115.29759566835,129.6447448168045
2026-04-19,301.0,73856.0,74276.30685336443,77028.69961537259,74021.26036898271,128.96403382766005
2026-04-20,302.0,75875.0,74354.02980582352,76893.19050359097,73927.7688249957,128.38483259543892
2026-04-21,303.0,76350.0,74423.50753594667,76757.68139180934,73834.82296370731,127.82951305442067
2026-04-22,304.0,78195.0,74484.59557613794,76622.17228002772,73742.42278511757,127.3669550297588
2026-04-23,305.0,78261.0,74537.1791469905,76486.6631682461,73650.56828922644,126.90771530324301
2026-04-24,306.0,77445.0,74581.1795391643,76351.15405646448,73559.25947603397,126.40744934510293
2026-04-25,307.0,77619.0,74616.5421997487,76215.64494468286,73468.4963455401,125.9159316275298
2026-04-26,308.0,78645.0,74643.22644215198,76080.13583290123,73378.27889774488,125.47599836295485
2026-04-27,309.0,77361.0,74661.20726824856,75944.62672111962,73288.60713264829,124.97150911626522
2026-04-28,310.0,76345.0,74670.4625428321,75809.11760933799,73199.48105025032,124.41593818902378
2026-04-29,311.0,75775.0,74670.99309559372,75673.60849755637,73110.90065055099,123.8317092323389
2026-04-30,312.0,76287.0,74662.82293015877,75538.09938577475,73022.8659335503,123.27322222490847
2026-05-01,313.0,78172.0,74646.02430282603,75402.59027399312,72935.37689924822,122.80950782361994
2026-05-02,314.0,78655.0,74620.7002328017,75267.08116221151,72848.43354764479,122.37007733149137
2026-05-03,315.0,78563.0,74586.9454018746,75131.57205042988,72762.03587873999,121.92602133285615
2026-05-04,316.0,79824.0,74544.8220840201,74996.06293864826,72676.18389253381,121.54536493970895
2026-05-05,317.0,80925.0,74494.34665497382,74860.55382686664,72590.87758902628,121.22006379290775
2026-05-06,318.0,81425.0,74435.49713589219,74725.04471508501,72506.11696821736,120.91990126842535
2026-05-07,319.0,80022.0,74368.2210361533,74589.5356033034,72421.90203010707,120.5491997697164
2026-05-08,320.0,80189.0,74292.43708598873,74454.02649152177,72338.23277469544,120.18689457086191
2026-05-09,321.0,80678.0,74208.04866296766,74318.51737974015,72255.10920198241,119.84917494463522
2026-05-10,322.0,82146.0,74114.96313037997,74183.00826795853,72172.53131196804,119.58526231353655
2026-05-11,323.0,81725.0,74013.10811857822,74047.4991561769,72090.49910465226,119.30018296244543
2026-05-12,324.0,80481.0,73902.45896792856,73911.9900443953,72009.01258003515,118.95255871902513
2026-05-13,325.0,79278.0,73783.07757890184,73776.48093261366,71928.07173811666,118.5444509503058
2026-05-14,326.0,81052.0,73655.11799407715,73640.97182083204,71847.67657889679,118.22553501357358
2026-05-15,327.0,79069.0,73518.79225827927,73505.46270905042,71767.82710237557,117.80691930072497
2026-05-16,328.0,78135.0,73374.3515221358,73369.95359726879,71688.52330855298,117.34134464138485
2026-05-17,329.0,77426.0,73222.09443449521,73234.44448548718,71609.765197429,116.84012341559666
2026-05-18,330.0,76952.0,73062.35020007486,73098.93537370555,71531.55276900367,116.31507077585024
2026-05-19,331.0,76809.0,72895.45955554143,72963.42626192393,71453.88602327695,115.78282849012065
2026-05-20,332.0,77460.0,72721.78069690801,72827.91715014231,71376.7649602489,115.28331669065014
2026-05-21,333.0,77546.0,72541.69400654531,72692.40803836068,71300.18957991945,114.78812873421846
2026-05-22,334.0,75483.0,72355.62322858247,72556.89892657907,71224.15988228863,114.1892188220994
2026-05-23,335.0,76673.0,72164.007467944,72421.38981479744,71148.67586735646,113.6501388310991
2026-05-24,336.0,76988.0,71967.26754396131,72285.88070301582,71073.7375351229,113.12689617215963
2026-05-25,337.0,77274.0,71765.80855646165,72150.3715912342,70999.344885588,112.61803280518653
2026-05-26,338.0,75824.0,71560.02384983159,72014.86247945257,70925.4979187517,112.0362674334889
2026-05-27,339.0,74353.0,71350.29152234907,71879.35336767096,70852.19663461405,111.38054423492935
2026-05-28,340.0,73540.0,71136.99434298501,71743.84425588933,70779.44103317504,110.68394563647942
2026-05-29,341.0,73383.0,70920.52111401015,71608.33514410771,70707.23111443463,109.97945351062138
2026-05-30,342.0,73751.0,70701.25867485732,71472.82603232609,70635.56687839288,109.29346341078998
2026-05-31,343.0,73593.0,70479.57951645511,71337.31692054446,70564.44832504974,108.59952950630584
2026-06-01,344.0,71360.0,70255.82413512236,71201.80780876285,70493.87545440526,107.79332651454592
2026-06-02,345.0,66650.0,70030.30736468686,71066.29869698122,70423.84826645939,106.75031770054288
2026-06-03,346.0,64022.0,69803.33238994946,70930.7895851996,70354.36676121215,105.57518028763221
2026-06-04,347.0,63796.0,69575.20278442113,70795.28047341798,70285.43093866354,104.38868021743343
2026-06-05,348.0,60922.0,69346.22905326473,70659.77136163635,70217.04079881357,103.05768334614618
2026-06-06,349.0,60862.0,69116.73051625366,70524.26224985474,70149.19634166223,101.72366984018066
2026-06-07,350.0,63255.0,68887.04597202773,70388.75313807311,70081.89756720953,100.50996978063294
2026-06-08,351.0,63078.0,68657.51746665403,70253.24402629149,70015.14447545545,99.28737064878436
2026-06-09,352.0,61658.0,68428.4699288515,70117.73491450987,69948.9370664,97.99337782955038
2026-06-10,353.0,61493.0,68200.23046957975,69982.22580272824,69883.27534004318,96.6910892649512
2026-06-11,354.0,63552.0,67973.14547195914,69846.71669094663,69818.159296385,95.49232154706085
2026-06-12,355.0,63538.0,67747.592166525,69711.207579165,69753.58893542545,94.29284994774558
2026-06-13,356.0,64378.0,67523.98434946136,69575.69846738338,69689.56425716451,93.13561123392589
2026-06-14,357.0,65714.0,67302.78171658081,69440.18935560176,69626.08526160225,92.04554291894205
2026-06-15,358.0,66301.0,67084.46856205254,69304.68024382014,69563.15194873858,90.98498734656047
2026-06-16,359.0,65599.0,66869.51607424431,69169.17113203852,69500.76431857355,89.8891371484433
2026-06-17,360.0,64423.0,66658.38402789536,69033.66202025689,69438.92237110715,88.7341609106323
2026-06-18,361.0,62900.0,66451.51229644158,68898.15290847527,69377.62610633939,87.50261242923823
2026-06-19,362.0,63514.0,66249.33578202772,68762.64379669365,69316.87552427026,86.30193417605165
2026-06-20,363.0,64240.0,66052.2884466313,68627.13468491203,69256.67062489975,85.13775720247197
2026-06-21,364.0,63232.0,65860.7831554946,68491.62557313041,69197.01140822787,83.92290076629759
2026-06-22,365.0,63957.0,65675.20913655702,68356.11646134878,69137.89787425465,82.74449533248547
2026-06-23,366.0,62652.0,65495.94047963686,68220.60734956716,69079.33002298002,81.50047809442127
2026-06-24,367.0,60909.0,65323.32730091022,68085.09823778554,69021.30785440406,80.16882761895371
2026-06-25,368.0,59713.0,65157.68406231304,67949.58912600392,68963.8313685267,78.77704555889959
2026-06-26,369.0,59982.0,64999.293090308434,67814.0800142223,68906.90056534798,77.39878807765298
2026-06-27,370.0,59943.0,64848.46905441752,67678.57090244067,68850.5154448679,76.0185697838655
2026-06-28,371.0,60317.0,64705.61146231231,67543.06179065906,68794.67600708645,74.65715517957248
2026-06-29,372.0,59995.0,64571.19820106192,67407.55267887743,68739.38225200363,73.27955130250616
2026-06-30,373.0,59488.0,64445.76021420435,67272.04356709581,68684.63417961945,71.87645686240857
2026-07-01,374.0,58660.0,64329.87197600306,67136.53445531419,68630.43178993388,70.43173286375105
2026-07-02,375.0,60230.0,64224.14205816474,67001.02534353256,68576.77508294696,69.06594413917456
2026-07-03,376.0,61663.0,64129.20160783518,66865.51623175095,68523.66405865866,67.77220270616377
2026-07-04,377.0,62451.0,64045.68432453805,66730.00711996932,68471.09871706899,66.51807974192741
2026-07-05,378.0,62728.0,63974.20910168545,66594.4980081877,68419.07905817797,65.27788357445567
2026-07-06,379.0,62931.0,63915.361235337296,66458.98889640608,68367.60508198556,64.04789368764537
2026-07-07,380.0,63321.0,63869.67808446799,66323.47978462445,68316.67678849178,62.83751192624373
2026-07-08,381.0,62600.0,63837.63476121194,66187.97067284284,68266.29417769666,61.590880271458374
2026-07-09,382.0,62814.0,63819.63323454071,66052.46156106121,68216.45724960013,60.35500794702547
2026-07-10,383.0,63798.0,63815.987815555825,65916.95244927959,68167.16600420227,59.16860843131597
2026-07-11,384.0,64170.0,63826.919433740186,65781.44333749797,68118.42044150303,58.00091205061165
2026-07-12,385.0,63724.0,63852.56037719337,65645.93422571634,68070.22056150241,56.81079201879897
2026-07-13,386.0,62749.0,63892.9473773313,65510.425113934725,68022.56636420042,55.57165167346462
2026-07-14,387.0,62528.0,63948.01812476558,65374.9160021531,67975.45784959706,54.32140005706536
2026-07-15,388.0,64810.0,64017.609333138964,65239.40689037148,67928.89501769235,53.18588111292912
2026-07-16,389.0,64725.0,64101.450899107884,65103.89777858986,67882.87786848626,52.04608860299868
2026-07-17,390.0,62871.0,64199.171520198644,64968.388666808234,67837.4064019788,50.81308208151012
2026-07-18,391.0,63938.0,64310.29773524714,64832.879555026615,67792.48061816998,49.633721380049884
2026-07-19,392.0,64668.0,64434.25016419562,64697.37044324499,67748.10051705978,48.491063067175105
2026-07-20,393.0,63839.0,64570.35677048825,64561.86133146337,67704.26609864822,47.306724918495746
2026-07-21,394.0,65871.0,64717.869245361304,64426.35221968175,67660.97736293529,46.22455013092001
2026-07-22,395.0,65887.0,64952.545835675366,64290.843107900124,67618.23430992098,45.14317977925847
2026-07-23,396.0,65749.0,65194.316758780624,64155.333996118505,67576.03693960531,44.054871167836936
2026-07-24,397.0,65401.0,65440.09046903951,64019.82488433688,67534.38525198828,42.94906607528152
2026-07-25,398.0,63935.0,65687.56302838773,63884.31577255526,67493.27924706988,41.76955454208737
2026-07-26,399.0,64384.0,65935.2249976448,63748.80666077364,67452.7189248501,40.612617491735506
2026-07-27,400.0,65397.0,66182.1933265433,63613.29754899201,67412.70428532895,39.50661129020154
2026-07-28,401.0,63556.0,66428.01820903359,63477.788437210394,67373.23532850645,38.308044681289736
2026-07-29,402.0,64348.0,66672.52510445473,63342.279325428775,67334.31205438255,37.14929765013092
2026-07-30,403.0,63922.0,66915.70519045411,63206.77021364715,67295.9344629573,35.96913251275648
2026-07-31,404.0,64213.0,67157.64190105768,63071.26110186553,67258.10255423069,34.80359805357159
2026-08-01,405.0,63020.0,67398.46577483334,62935.7519900839,67220.8163282027,33.578082841534034
2026-08-02,406.0,63435.0,67638.3276900922,62800.242878302284,67184.07578487333,32.37343268602108
2026-08-03,407.0,62597.0,67877.38452648201,62664.733766520665,67147.8809242426,31.126650199501814
2026-08-04,408.0,63608.0,68115.79092510264,62529.22465473904,67112.23174631051,29.930698007311168
2026-08-05,409.0,64205.0,68353.6955143492,62393.71554295742,67077.12825107705,28.764761330169172
2026-08-06,410.0,64772.0,68591.23856256489,62258.20643117579,67042.57043854221,27.627331850736702
2026-08-07,411.0,64284.0,68828.5510971154,62122.697319394174,67008.55830870604,26.46536707592108
2026-08-08,412.0,64971.0,69065.75510455946,61987.188207612555,66975.09186156845,25.33794276817149
2026-08-09,413.0,64814.0,69302.96460294425,61851.67909583093,66942.17109712953,24.202624933013798
2026-08-10,414.0,65251.0,69540.2863301441,61716.16998404931,66909.7960153892,23.08927825376274
2026-08-11,415.0,63887.0,69777.82071402813,61580.66087226769,66877.96661634752,21.907353412825984
2026-08-12,416.0,63616.0,70015.66278923543,61445.151760486064,66846.6829000045,20.711803438592437
2026-08-13,417.0,63848.0,70253.9037140099,61309.642648704445,66815.94486636008,19.527917785114816
2026-08-14,418.0,62983.0,70492.63166337357,61174.13353692282,66785.7525154143,18.300542315025666
2026-08-15,419.0,63054.0,70731.9323605285,61038.6244251412,66756.10584716714,17.076736529305784
2026-08-16,420.0,63014.0,70971.8897646618,60903.11531335958,66727.00486161863,15.850919653800398
2026-08-17,421.0,63594.0,71212.58647704088,60767.60620157795,66698.44955876874,14.654263580184825
2026-08-18,422.0,64229.0,71454.10402457342,60632.097089796334,66670.43993861749,13.489533556914132
2026-08-19,423.0,64287.0,71696.52299097096,60496.58797801471,66642.97600116486,12.327719613832421
2026-08-20,424.0,69803.0,71939.9231190568,60361.07886623309,66616.05774641086,11.443234952171753
2026-08-21,425.0,75548.0,72184.38288174475,60225.56975445147,66589.68517435549,10.84759306095414
2026-08-22,426.0,77440.0,72429.97622401317,60090.06064266984,66563.85828499877,10.347075716590878
2026-08-23,427.0,76046.0,72676.7684445964,59954.551530888224,66538.57707834066,9.77647189320279
2026-08-24,428.0,77465.0,72924.81529467541,59819.0424191066,66513.84155438122,9.27721147995547
2026-08-25,429.0,80436.0,73174.16416414645,59683.53330732498,66489.65171312037,8.927324760526481
2026-08-26,430.0,78913.0,73424.853904388,59548.02419554336,66466.00755455816,8.500865797514416
2026-08-27,431.0,78812.0,73676.91422065493,59412.51508376173,66442.90907869459,8.069328832793952
2026-08-28,432.0,79938.0,73930.36657347067,59277.005971980114,66420.35628552965,7.694404045535434
2026-08-29,433.0,77450.0,74185.2248115354,59141.496860198495,66398.34917506334,7.194389473618548
2026-08-30,434.0,78269.0,74441.49553652781,59005.98774841687,66376.88774729565,6.735551965059863
2026-08-31,435.0,78087.0,74699.17970589221,58870.47863663525,66355.9720022266,6.267563997977134
2026-09-01,436.0,78747.0,74958.27295584726,58734.96952485362,66335.60193985619,5.8327590123552255
2026-09-02,437.0,77536.0,75218.76594727588,58599.460413072,66315.77756018439,5.3370682834771745
2026-09-03,438.0,77782.0,75480.64463152588,58463.951301290384,66296.49886321125,4.853745756779975
2026-09-04,439.0,80743.0,75743.89139123738,58328.44218950876,66277.76584893672,4.51929415145473
2026-09-05,440.0,79667.0,76008.48501185741,58192.93307772714,66259.57851736082,4.13074423089942
2026-09-06,441.0,79763.0,76274.39925161547,58057.42396594551,66241.93686848355,3.747020925829321
2026-09-07,442.0,79653.0,76541.6034291848,57921.91485416389,66224.84090230493,3.3577671238490843
2026-09-08,443.0,78278.0,76810.06297219316,57786.405742382274,66208.29061882492,2.899382110492138
2026-09-09,444.0,79111.0,77079.74019182958,57650.89663060065,66192.28601804358,2.482878041918318
2026-09-10,445.0,78418.0,77350.59567429188,57515.38751881903,66176.82709996082,2.0315318428106366
2026-09-11,446.0,77263.0,77622.58845798027,57379.87840703741,66161.91386457672,1.5221154261465188
2026-09-12,447.0,77282.0,77895.67717406043,57244.36929525578,66147.54631189126,1.0136542771305155
2026-09-13,448.0,77058.0,78169.82169101064,57108.860183474164,66133.7244419044,0.4939310253156881
2026-09-14,449.0,77571.0,78444.9838711388,56973.35107169254,66120.4482546162,-4.674038933671909e-14
