month,mean,std,count
1,1.0800184032834708,0.039117059991450556,31
2,0.9103653317320651,0.037211114831791486,28
3,0.9861416192030596,0.039690944531765755,31
4,0.9983476791229375,0.04006436677373606,30
5,1.0720525586774634,0.022144911261242666,31
6,0.936330308560454,0.028551947318431217,39
7,0.9987138615754013,0.034089156034414154,62
8,0.9979487530246264,0.06421003602594919,62
9,1.0204112885212901,0.052296681755458346,44
10,1.0452047250018675,0.04061691721356077,31
11,0.9715857262718256,0.05275172716561611,30
12,0.9765105779489243,0.021624695749689254,31
