lag,acf_level,acf_diff1
0,1.0,1.0
1,0.9950217081025464,0.03654455269709136
2,0.9893659937269902,-0.061967489664585415
3,0.9841791930466085,0.08208176894305072
4,0.9781984477041601,0.039801207625967415
5,0.9719707633831328,0.04616946352841746
6,0.9653790922653332,-0.017060857925556436
7,0.9588557889214884,0.08295889861186738
8,0.951624813646203,-0.07804448504698949
9,0.9451358164046719,-0.11135383096746618
10,0.9396785140160215,0.016466247139054046
11,0.933893913982301,-0.02521982035225512
12,0.9280896835532195,-0.05351882862168857
13,0.9228337178555853,0.013185090571631726
14,0.9175089827338166,0.04998591892782577
15,0.9116435465000278,0.015522902603617746
16,0.9057208502359734,-0.018782299384838424
17,0.8998515100234208,0.09842949708575774
18,0.8931080814293086,0.05368303688007188
19,0.8854795382235648,-0.022189451718080757
20,0.8779129166962382,-0.04118336031450256
21,0.8707727390130245,0.012082346695078707
22,0.8632273577671722,-0.0020037218123926137
23,0.8555493056673863,0.05147388528485329
24,0.8475019179680832,-0.01014456281037247
25,0.8395907777658853,0.052284327456261825
26,0.8308285745382548,-0.08462800710035548
27,0.8224004656791452,-0.03444775600346495
28,0.8143524886676392,0.07393524480532886
29,0.8056410580380329,-0.008917489002077079
30,0.7970051747132189,-0.11622465986836465
31,0.7892912440984817,0.03001212319404404
32,0.7812490457432726,0.01600952174019394
33,0.7731734001066624,-0.05263179173002361
34,0.7656806994116696,0.05534335452317618
35,0.7575658699578721,-0.026580921588471383
36,0.7496622860820759,-0.03251343472768756
37,0.7419024714813708,0.05851028531855446
38,0.7336897872715936,0.007252134073410265
39,0.7254073764049319,-0.06921648374698876
40,0.7176867077587703,-0.00019455020777714446
41,0.7101900377154726,0.0496556188586449
42,0.7023425691351497,-0.003830504939103634
43,0.6944672651689839,-0.07169395835453185
44,0.687152156744448,-0.00420501035673305
45,0.6798546106013199,-0.03446492351018951
46,0.6728999410336244,-0.004122605740399196
47,0.6659010120846932,-0.09127621683986017
48,0.6595231743485875,0.021101850110524935
49,0.6529111734114486,-0.03765364018689793
50,0.6465926627893421,-0.0160491330076853
51,0.6400161027741864,0.06475394872147629
52,0.633110155803176,0.0035788607719332718
53,0.6262030415621183,-0.042596339435170376
54,0.6194653843309785,0.002087730706165111
55,0.612905562322786,0.03695837758540372
56,0.6061464915197669,0.0433284996826853
57,0.5988581249503242,0.041524851173308404
58,0.591461137743611,-0.12350221848021921
59,0.5850602049189644,0.012240625732854782
60,0.5785857118714557,0.028025684134067756
61,0.571952679910828,-0.02853698188477447
62,0.5656090610103693,-0.0018496707271450387
63,0.5589322686448037,-0.024932699769791865
64,0.5525275533884919,-0.15270394367044635
65,0.5476595860904233,0.00016950378762549262
66,0.5429490008995503,0.07718788342905951
67,0.5374784431558155,0.02615565124715893
68,0.5315521766683065,-0.02907801614570102
69,0.5259906998775256,0.026453016741781403
70,0.5204660195379585,-0.004640539047770723
71,0.5149052952761796,-0.027231087039265557
72,0.5095978436550587,-0.006981983447392984
73,0.5041403046861491,-0.014972884396570657
74,0.4987250509218137,0.008138192975141493
75,0.49316883753760826,-0.026538501620610482
76,0.48762177419428,0.02041779864458821
77,0.4820164205941713,0.06091672390040068
78,0.47593163262249,-0.05696937320994573
79,0.4702810458618197,0.031757561339869365
80,0.46417665686737897,0.010300782442402543
81,0.45806894002900556,-0.03197549102808758
82,0.4519990190910506,0.06840671106101984
83,0.44533274997537226,-0.008688217975666358
84,0.43878448554655924,0.0886062271890331
85,0.4315517207140614,-0.04286830108083163
86,0.42459351256963546,-0.05015185018335171
87,0.41812228632299037,-0.02973891319123649
88,0.41173209531002286,0.038638997123756305
89,0.4049763459023093,0.03928852756678517
90,0.39798340727712245,-0.0191994013923214
91,0.3912792550129332,0.015751949486644108
92,0.3844659784712135,0.011887575037529557
93,0.3777248418001878,-0.05386034758906886
94,0.3713286422170941,0.07292967655381595
95,0.3642967059987798,-0.045345696512395055
96,0.3577108752986163,-0.02159887841869086
97,0.3513412571974628,0.03513001251127186
98,0.3446561594360236,0.009041514611033396
99,0.3379704349409602,-0.014078375646280285
100,0.33122485519892775,-0.07807679760789431
101,0.32480931507202915,0.021512628404928607
102,0.3181753470755572,0.014282165497627331
103,0.31123108789699977,0.06718058549063922
104,0.3036202702523766,-0.052438622469523515
105,0.2963774589050084,0.03876596077855855
106,0.28885850970871596,0.022216937966722267
107,0.2813442451945759,0.04082459334938281
108,0.2734806008294771,0.008166784462789248
109,0.265676109805705,-0.04359390038625715
110,0.2582201264681083,0.024392716875214666
111,0.250627027271261,0.06366211580258134
112,0.2432790175399274,0.039572932554013035
113,0.23569173423535072,-0.013078321710122342
114,0.22792048114743899,-0.026196714657975725
115,0.22058985823724328,-0.06228011663250944
116,0.21367091406587357,0.03881494224428832
117,0.20658630584433774,0.08191650958077513
118,0.1991734905381776,0.006593604289060229
119,0.1916490812767854,-0.03506767641097264
120,0.18442649122354213,0.009127392646341697
121,0.17679496273341228,0.03781325040435986
122,0.16913499898711576,0.010190082500022046
123,0.16142245991255452,0.0426826505369449
124,0.15328858963766606,-0.0006998371239067448
125,0.1449524504849164,-0.014666231592234751
126,0.1368021947061958,-0.011140941994947919
127,0.12878389829865738,-0.04878989280383149
128,0.12085243397924053,0.045408121957645084
129,0.11259288593085551,-0.05473650270978354
130,0.10481150639577477,-0.027004515128700307
131,0.09742797490891403,-0.036696136384484455
132,0.09051267031675249,-0.009520765635947646
133,0.08361259300468424,0.05587580511439754
134,0.07611921153834074,0.0014659037849321188
135,0.06877914175186464,0.036334024159236665
136,0.06134405903691227,0.0013755401635981023
137,0.05405677036397377,-0.015109972329530241
138,0.0466862157203953,-0.029718027979547135
139,0.039637487617073516,0.035384272281224496
140,0.03229078127036133,0.03217005314770807
141,0.02475744366226039,-0.0402183095678711
142,0.017279371920007044,-0.06695014703152717
143,0.010373200824843417,-0.015173356304475086
144,0.0037127917095094937,-0.03885851561222011
145,-0.0026047007045601448,0.009596148136979241
146,-0.008524029871484524,-0.032115060072897494
147,-0.014204153876981956,-0.029500313508193363
148,-0.019648617081691685,0.0248541350535172
149,-0.025372835978438327,-0.0162704040837794
150,-0.03043663937139439,-0.06992707379967673
