DATE,observed,trend,seasonal,resid
2025-06-22,100990.0,105179.81637726372,-3744.0280128167087,-445.788364447013
2025-06-23,105376.0,105428.25155952417,26.558548572441737,-78.8101080966153
2025-06-24,106078.0,105674.89756179911,-376.3655985895037,779.468036790393
2025-06-25,107349.0,105922.02220437932,1270.1722135484467,156.80558207223658
2025-06-26,106945.0,106170.0428490405,1290.8731629013978,-515.9160119418957
2025-06-27,107044.0,106417.66446462633,549.9770196788637,76.3585156948102
2025-06-28,107304.0,106662.34035226202,235.5291346051585,406.1305131328263
2025-06-29,108361.0,106889.9058978909,-2558.4391589569154,4029.5332610660116
2025-06-30,107171.0,107139.50040270874,86.74895522817539,-55.249357936918386
2025-07-01,105694.0,107435.03301818974,-272.94810041373273,-1468.0849177760101
2025-07-02,108843.0,107753.73148459906,692.221335397855,397.0471800030791
2025-07-03,109600.0,108108.19062697381,968.3211245457175,523.4882484804693
2025-07-04,107989.0,108600.86871234768,410.79279552672193,-1022.6615078744071
2025-07-05,108204.0,109396.00526714875,-45.58747381847925,-1146.4177933302708
2025-07-06,109207.0,110426.7149858447,-1431.2088607114142,211.49387486671912
2025-07-07,108269.0,111532.04086810214,140.81781249574848,-3403.858680597885
2025-07-08,108913.0,112655.4535818827,-188.74229580346804,-3553.711286079226
2025-07-09,111246.0,113814.79380819201,231.668288364418,-2800.462096556439
2025-07-10,115993.0,114995.89495794631,668.3952194031491,328.7098226505477
2025-07-11,117535.0,116127.18395933608,178.6977649583332,1229.118275705594
2025-07-12,117419.0,117105.55794199333,-344.99386246684696,658.4359204735083
2025-07-13,119090.0,117781.40916863305,-246.1371790635324,1554.728010430481
2025-07-14,119849.0,118225.41622325736,220.99340750625277,1402.5903692363936
2025-07-15,119884.0,118514.21497519428,-63.04854033419582,1432.8335651399248
2025-07-16,117678.0,118637.51561047249,-269.2509790635485,-690.2646314089361
2025-07-17,118748.0,118590.00451906827,402.84116600812877,-244.84568507640506
2025-07-18,119445.0,118438.2715431233,-5.62111197819128,1012.349568854901
2025-07-19,117989.0,118243.17187097945,-543.3831885080223,289.21131752857764
2025-07-20,117901.0,118051.07559926862,-60.10789243024904,-89.9677068383753
2025-07-21,117256.0,117901.05321360331,401.76957566346334,-1046.8227892667783
2025-07-22,117734.0,117811.32624883197,491.50055521677587,-568.8268040487455
2025-07-23,118473.0,117782.84375575802,-82.28905607275759,772.4453003147355
2025-07-24,117569.0,117818.4092545527,242.90257462042672,-492.31182917312253
2025-07-25,115331.0,117901.9070523515,-217.470963397086,-2353.436088954404
2025-07-26,117396.0,117987.7721373332,-714.0412628107356,122.26912547752727
2025-07-27,118318.0,117982.15212436568,-96.89890761570548,432.74678325002606
2025-07-28,119466.0,117833.10845427499,187.42829020405952,1445.4632555209537
2025-07-29,118883.0,117546.28707984001,382.04628363830716,954.6666365216806
2025-07-30,118290.0,117143.6765461242,318.1947088460303,828.1287450297677
2025-07-31,118658.0,116648.2688400059,77.70070535688336,1932.0304546372208
2025-08-01,115133.0,116116.28800205415,-298.78372995143184,-684.504272102713
2025-08-02,113653.0,115608.6794326652,-660.8273273153043,-1294.852105349899
2025-08-03,113503.0,115209.54762796096,100.52769797500986,-1807.0753259359626
2025-08-04,114426.0,114984.78709202528,-48.960266528140124,-509.82682549713354
2025-08-05,114152.0,114958.66407610354,340.87655611021717,-1147.540632213757
2025-08-06,114101.0,115156.83861617332,289.4737473204163,-1345.3123634937365
2025-08-07,114718.0,115574.03783218637,-102.96355938789665,-753.0742727984762
2025-08-08,116686.0,116146.51931227806,34.46318624663878,505.017501475304
2025-08-09,116654.0,116788.40494619108,-346.5739893062082,212.16904311513645
2025-08-10,118056.0,117341.93592453128,462.14043050437175,251.9236449643504
2025-08-11,122230.0,117687.58432523129,-366.6049660968443,4909.02064086555
2025-08-12,118901.0,117868.94453509353,-27.71994615586143,1059.7754110623355
2025-08-13,119366.0,117935.24430705085,-154.51927454908116,1585.2749674982333
2025-08-14,121841.0,117901.3823315891,-127.67842181872132,4067.296090229618
2025-08-15,119168.0,117741.09925629027,317.67126448072514,1109.229479229005
2025-08-16,117506.0,117358.46479873473,125.70119584133192,21.834005423937924
2025-08-17,118001.0,116740.4549201017,825.7354126400672,434.80966725823237
2025-08-18,115266.0,116055.55736366511,-753.9625773855184,-35.594786279587424
2025-08-19,115023.0,115419.87156065139,-292.0168363962616,-104.85472425512853
2025-08-20,113667.0,114880.91956948795,-213.2264406069467,-1000.693128881001
2025-08-21,113811.0,114352.77072531285,111.90398536431418,-653.6747106771654
2025-08-22,113013.0,113822.86179548643,537.8693364899257,-1347.731131976354
2025-08-23,115713.0,113340.37194617864,-10.251996299467862,2382.8800501208316
2025-08-24,114830.0,112916.68264447089,519.6067684275646,1393.710587101552
2025-08-25,111949.0,112515.13452713667,-920.4816406647477,354.3471135280706
2025-08-26,110003.0,112078.3535860197,-219.1248049480857,-1856.228781071608
2025-08-27,111032.0,111578.14919210532,-263.95762891045916,-282.191563194865
2025-08-28,113215.0,111094.87767788077,468.9290995081756,1651.1932226110512
2025-08-29,111270.0,110715.29632737546,580.5170147745274,-25.8133421499806
2025-08-30,108224.0,110455.04218370336,25.83639306056257,-2256.87857676392
2025-08-31,108733.0,110298.89306184326,91.85855410972496,-1657.7516159529914
2025-09-01,108066.0,110210.069140389,-912.7996050325356,-1231.2695353564632
2025-09-02,110398.0,110167.63607413752,-178.446886596068,408.8108124585415
2025-09-03,110713.0,110252.46745700632,-250.42770085991796,710.9602438535949
2025-09-04,110424.0,110509.2625446066,697.5651394109684,-782.8276840175677
2025-09-05,111859.0,110858.0561908102,786.2079828044809,214.7358263853239
2025-09-06,110771.0,111226.54631940287,-148.9454770862678,-306.60084231660585
2025-09-07,110530.0,111619.39942819001,-292.2830983343583,-797.1163298556494
2025-09-08,111110.0,112076.46348404593,-882.8168562447111,-83.64662780122308
2025-09-09,113082.0,112628.3034354792,-32.99189219506607,486.68845671585586
2025-09-10,111810.0,113249.65825148132,-95.39907814239956,-1344.2591733389272
2025-09-11,114399.0,113871.52532082584,692.5792362285074,-165.10455705435015
2025-09-12,115350.0,114469.82045749476,993.5431471096795,-113.3636046044412
2025-09-13,115796.0,114991.35678045529,-219.56963414229745,1024.212853687015
2025-09-14,115776.0,115409.11505127935,-458.2071021757767,825.0920508964191
2025-09-15,116135.0,115750.51653202575,-891.9667508371418,1276.4502188113838
2025-09-16,115768.0,115995.38284892167,-64.11683508687426,-163.2660138348001
2025-09-17,117218.0,116056.31523705907,-220.91528639247403,1382.6000493333995
2025-09-18,117101.0,115910.94334133685,1200.2331903661789,-10.176531703036744
2025-09-19,116783.0,115602.4074957228,1569.0338205764324,-388.44131629922776
2025-09-20,115745.0,115194.56094689721,-877.5621315342045,1428.001184636989
2025-09-21,115747.0,114713.93511251832,-1034.741752414888,2067.806639896575
2025-09-22,112876.0,114186.65833940539,-969.2612911057995,-341.39704829959373
2025-09-23,113091.0,113673.45112979092,-99.87127022022563,-482.5798595706874
2025-09-24,112609.0,113272.112895745,-176.85596362357097,-486.25693212142505
2025-09-25,111544.0,113011.38836484437,2030.2000145979657,-3497.5883794423426
2025-09-26,109389.0,112881.75272528775,2345.7747881918613,-5838.52751347961
2025-09-27,109586.0,112908.29641021065,-2015.963771041932,-1306.332639168715
2025-09-28,109432.0,113027.20349812503,-1776.9864623144042,-1818.2170358106232
2025-09-29,111681.0,113254.10444891379,-575.7068923688294,-997.3975565449509
2025-09-30,113963.0,113825.66152683052,-188.736446263417,326.0749194328964
2025-10-01,114284.0,114753.37202293573,-96.84772507806207,-372.5242978576716
2025-10-02,118628.0,115773.4525419045,2537.010270664548,317.53718743096397
2025-10-03,119922.0,116627.86308578395,3219.1917176824977,74.9451965335611
2025-10-04,122514.0,116852.77889751102,-2946.2359460267585,8607.457048515746
2025-10-05,125058.0,117033.55674665734,-2640.2032248059827,10664.646478148643
2025-10-06,123961.0,117161.59563996544,175.4470051101163,6623.957354924438
2025-10-07,123962.0,117264.78723963587,-406.00747475785204,7103.220235121975
2025-10-08,121819.0,117638.70716666954,178.03183195771464,4002.261001372739
2025-10-09,121939.0,118474.68043317174,2422.7871619330267,1041.5324048952316
2025-10-10,121446.0,117794.3678616555,3228.8582959904043,422.77384235410136
2025-10-11,112161.0,116490.20281714833,-3257.8167787310203,-1071.3860384173022
2025-10-12,111850.0,115223.63281773409,-2852.6624568589623,-520.9703608751297
2025-10-13,115316.0,114028.90087918784,1113.2963996629114,173.80272114924446
2025-10-14,112031.0,112975.37142411973,-869.3629462902295,-75.00847782949859
2025-10-15,112441.0,112108.76965363992,808.7376110385462,-476.50726467846835
2025-10-16,111693.0,111382.90965121803,1422.8455548702693,-1112.755206088288
2025-10-17,106815.0,110761.04226287603,2156.5112019749945,-6102.553464851022
2025-10-18,106944.0,110285.0070155312,-2432.5633797419905,-908.4436357892118
2025-10-19,106800.0,109981.19968957298,-1781.8405905111301,-1399.359099061854
2025-10-20,111343.0,109857.4270817067,1290.4389495523135,195.1339687409927
2025-10-21,107945.0,109929.73477252705,-1436.3690437420241,-548.3657287850219
2025-10-22,108056.0,110196.28694723787,1423.3963427400895,-3563.6832899779547
2025-10-23,110192.0,110555.60163703976,365.1001377601128,-728.7017747998616
2025-10-24,111487.0,110816.4651218374,874.207468098944,-203.67258993635187
2025-10-25,111386.0,110943.59066062403,-1088.5788302602223,1530.9881696361845
2025-10-26,111638.0,111004.46224089433,-451.49166223694584,1085.0294213426241
2025-10-27,115997.0,111031.78372597203,618.8062492444914,4346.410024783487
2025-10-28,114102.0,110970.46713437358,-1798.3383200709955,4929.871185697411
2025-10-29,113333.0,110790.1603895315,2321.2767005994046,221.56290986908425
2025-10-30,110818.0,110473.78329068812,-343.7326579032997,687.949367215173
2025-10-31,109588.0,109970.6527611686,-213.96598074805996,-168.68678042053943
2025-11-01,109933.0,109234.87674834253,-65.84886429930305,763.9721159567707
2025-11-02,110638.0,108275.30187411129,558.9828536728728,1803.7152722158353
2025-11-03,107421.0,107231.28649504673,534.3812356719911,-344.6677307187201
2025-11-04,104623.0,106169.24125020951,-2150.3510951640956,604.1098449545825
2025-11-05,102069.0,105061.36598158306,1103.1633892826267,-4095.5293708656827
2025-11-06,103322.0,103891.19008611221,-315.8336920810452,-253.35639403117239
2025-11-07,101867.0,102686.07699346748,-208.37940515296725,-610.697588314506
2025-11-08,102176.0,101591.34763261472,432.6273388575604,152.0250285277143
2025-11-09,101707.0,100783.13419499564,1114.465047366838,-190.5992423624848
2025-11-10,106185.0,99965.84581485404,693.2549426657195,5525.899242480242
2025-11-11,105158.0,99108.42155342158,-2304.9065985979564,8354.485045176378
2025-11-12,103349.0,98242.39167651499,2.263674103280639,5104.344649381732
2025-11-13,103581.0,97387.56006045123,-46.20096678545185,6239.640906334229
2025-11-14,97166.0,96565.65522431553,230.49407663873455,369.850699045739
2025-11-15,96115.0,95720.79247572293,449.7529902858384,-55.545466008770745
2025-11-16,95813.0,94782.0776474347,987.7543398426835,43.16801272262819
2025-11-17,95182.0,93846.88502393513,1461.1654997945984,-126.05052372973296
2025-11-18,89587.0,92930.74754882816,-2551.7550340358043,-791.9925147923641
2025-11-19,90941.0,92182.30441921133,-1447.3661196119206,206.06170040059078
2025-11-20,91814.0,91878.0082780824,459.14178467208967,-523.1500627544883
2025-11-21,85490.0,91578.53094076966,803.6360391235912,-6892.166979893256
2025-11-22,84584.0,91250.50298560834,223.93928551825493,-6890.442271126594
2025-11-23,85865.0,90972.47162103908,545.8749681309325,-5653.346589170003
2025-11-24,86900.0,90748.19871473202,1160.3488358312657,-5008.5475505632785
2025-11-25,88048.0,90489.78830395587,-2806.295681909308,364.5073779534432
2025-11-26,87831.0,90278.18960874625,-303.53672578223865,-2143.6528829640156
2025-11-27,91249.0,90299.76372252178,776.1439939493561,173.09228352886566
2025-11-28,91324.0,90382.01499998076,1106.3849289025604,-164.39992888332927
2025-11-29,90559.0,90541.12105408648,-189.55762860247137,207.43657451598847
2025-11-30,90900.0,90719.79227752227,36.873405595189354,143.33431688253768
2025-12-01,86316.0,90832.9643538766,828.4811480217842,-5345.445501898386
2025-12-02,87101.0,90877.8437722182,-2389.1298757663953,-1387.713896451809
2025-12-03,93392.0,90893.26904459372,287.1636638572905,2211.567291548985
2025-12-04,93130.0,90940.39450655221,495.3960083065282,1694.2094851412548
2025-12-05,92284.0,91014.16205729537,1239.4113505129171,30.42659219171037
2025-12-06,89691.0,91078.41573222955,-269.98552085228965,-1117.4302113772574
2025-12-07,89675.0,91099.34045028799,-139.08536593941002,-1285.2550843485806
2025-12-08,91453.0,91058.76997123298,417.43281488811255,-23.202786121095414
2025-12-09,90157.0,90971.18853894992,-1985.5097719757962,1171.3212330258684
2025-12-10,92719.0,90865.68568280002,523.8662868717577,1329.4480303282326
2025-12-11,90310.0,90715.91276703845,72.42139011499047,-478.3341571534402
2025-12-12,92526.0,90450.78223259462,1033.2676488580732,1041.9501185473055
2025-12-13,90354.0,90036.71595717277,-134.64788493579715,451.9319277630275
2025-12-14,90151.0,89522.01243700265,-56.34123670637904,685.328799703726
2025-12-15,89776.0,89017.62539011175,773.185007728424,-14.810397840163205
2025-12-16,86541.0,88595.65420569378,-1411.9414867876171,-642.7127189061575
2025-12-17,86751.0,88253.37082008692,67.38960613977973,-1569.7604262266977
2025-12-18,86582.0,87973.26621395233,-513.2026282660736,-878.0635856862646
2025-12-19,87310.0,87769.61906374097,811.0452624112523,-1270.6643261522258
2025-12-20,88251.0,87676.78553174667,1.901142363410699,572.3133258899179
2025-12-21,88056.0,87708.42599680259,189.0391131993889,158.53488999803085
2025-12-22,88945.0,87810.96777404725,1192.3485020003163,-58.31627604756795
2025-12-23,87364.0,87909.2993028468,-1039.108577275515,493.80927442871325
2025-12-24,86932.0,87971.25388294183,-302.64718790332466,-736.6066950385139
2025-12-25,87780.0,88000.99148009934,-877.2909675968306,656.2994874974829
2025-12-26,89122.0,88020.28456277202,348.61681130258853,753.0986259253841
2025-12-27,87411.0,88056.61184108627,-17.89913481134613,-627.7127062749205
2025-12-28,87692.0,88115.9763439266,279.7764412723914,-703.7527851989871
2025-12-29,89675.0,88222.6301856036,1319.5267218490742,132.84309254732216
2025-12-30,87320.0,88411.15052034665,-746.9354646885419,-344.21505565810367
2025-12-31,88395.0,88688.82180291998,201.0820139845506,-494.9038169045234
2026-01-01,87519.0,89061.47334618938,-1025.1611553488844,-517.3121908404864
2026-01-02,88866.0,89482.23751614128,57.108028587589615,-673.3455447288725
2026-01-03,89846.0,89865.35905060974,-175.4340783165995,156.07502770685824
2026-01-04,91241.0,90195.81818601859,119.82324773145524,925.3585662499536
2026-01-05,92434.0,90484.62543564572,959.714421684047,989.6601426702255
2026-01-06,93778.0,90724.55963504837,-745.4636708740917,3798.904035825719
2026-01-07,92566.0,90917.62445106421,1218.4195897326153,429.9559592031728
2026-01-08,89913.0,91083.87263336107,-1163.6399308589707,-7.2327025020931615
2026-01-09,91013.0,91220.13657950755,-275.0213411670744,67.88476165951579
2026-01-10,90380.0,91355.85602212822,-16.96991192217598,-958.8861102060473
2026-01-11,90627.0,91576.81262506495,132.39273603159563,-1082.2053610965522
2026-01-12,91723.0,91940.15133085805,400.0708978873075,-617.2222287453478
2026-01-13,92144.0,92378.66717750183,-741.7923813211557,507.1252038193197
2026-01-14,94960.0,92665.74229594045,2071.1882933304732,223.06941072907648
2026-01-15,96286.0,92804.2709951749,-1113.8113617134804,4595.540366538582
2026-01-16,95699.0,92896.62793239842,-544.2956556982908,3346.6677232998773
2026-01-17,95215.0,92887.81300292019,271.8011012458811,2055.385895833926
2026-01-18,95116.0,92788.95176694334,-203.38804586882992,2530.4362789254956
2026-01-19,92513.0,92613.56277400842,-240.62249290285183,140.05971889443754
2026-01-20,90790.0,92211.35082204535,-230.66931330138075,-1190.6815087439754
2026-01-21,89530.0,91517.87512120229,2258.503175303108,-4246.378296505398
2026-01-22,90090.0,90793.72378802748,-1475.0850314381335,771.3612434106617
2026-01-23,89395.0,90120.38417040516,-617.8242356303772,-107.5599347747775
2026-01-24,89512.0,89480.63338582561,951.6766980640023,-920.3100838896062
2026-01-25,88713.0,88772.08736045535,-541.9494024770859,482.86204202173394
2026-01-26,87826.0,87885.13515693985,-491.81083432486486,432.67567738500657
2026-01-27,88214.0,86799.32476803433,362.8966722375959,1051.7785597280745
2026-01-28,89226.0,85593.20709830198,2127.855158971851,1504.9377427261643
2026-01-29,88183.0,84319.51964088126,-1662.6856008543018,5526.165959973034
2026-01-30,82410.0,82948.71537615743,-878.0795772904297,339.3642011329939
2026-01-31,83641.0,81460.45605089933,1216.650624487587,963.8933246130764
2026-02-01,78262.0,79860.65801434834,-970.1339223824122,-628.5240919659263
2026-02-02,76389.0,78184.63637775507,-149.8218739135446,-1645.8145038415241
2026-02-03,78509.0,76641.05545969281,765.555028237739,1102.3895120694506
2026-02-04,76547.0,75329.4916928565,1609.6768156276694,-392.1685084841738
2026-02-05,70774.0,74069.89693179933,-1766.3229955289985,-1529.5739362703316
2026-02-06,65036.0,72850.8958643973,-862.7901869637637,-6952.105677433545
2026-02-07,68985.0,71769.7052497538,1239.6214663508579,-4024.3267161046533
2026-02-08,69268.0,70798.60770466083,-898.6047410086616,-632.0029636521649
2026-02-09,70627.0,69900.3670205199,275.80192121657535,450.83105826351675
2026-02-10,68875.0,69160.05607799841,816.3843151782985,-1101.440393176701
2026-02-11,66750.0,68668.93043547239,804.4023473711665,-2723.3327828435577
2026-02-12,67063.0,68359.69242452174,-1611.4352859441058,314.7428614223609
2026-02-13,66250.0,68122.35512270276,-810.1812830550174,-1062.173839647745
2026-02-14,68892.0,67925.4705417337,1046.5088113136837,-79.97935304738348
2026-02-15,70372.0,67818.58254887004,-833.0360410848411,3386.4534922148014
2026-02-16,68418.0,67812.44568360432,790.5623881238287,-185.00807172815257
2026-02-17,68388.0,67845.49364368708,591.8978111290738,-49.3914548161556
2026-02-18,67799.0,67889.0239938889,255.29775382882968,-345.32174771772407
2026-02-19,67116.0,67948.75964862111,-537.9268037451786,-294.83284487592755
2026-02-20,67970.0,67972.55139042586,-865.6946573907958,863.1432669649366
2026-02-21,67978.0,67924.92589457631,349.63209596480107,-296.5579905411141
2026-02-22,67585.0,67828.14230921691,-901.7687989105448,658.6264896936336
2026-02-23,64578.0,67727.23436272285,824.5067458421842,-3973.7411085650383
2026-02-24,64074.0,67634.30794217886,556.0241100611124,-4116.332052239966
2026-02-25,67947.0,67546.39258899733,284.1700906999529,116.43732030272076
2026-02-26,67469.0,67447.66487704642,160.4101394004203,-139.07501644684817
2026-02-27,65884.0,67367.26888929404,-473.96386155205744,-1009.3050277419825
2026-02-28,67008.0,67383.22197469778,-158.43491620755543,-216.78705849022663
2026-03-01,65713.0,67529.06313678845,-1441.5461234814866,-374.5170133069623
2026-03-02,68864.0,67671.18925201875,649.1517243149767,543.6590236662742
2026-03-03,68322.0,67777.74238686978,798.4130551892539,-254.15544205904007
2026-03-04,72670.0,67880.30630951886,436.7484103537437,4352.945280127402
2026-03-05,70875.0,68004.20396643937,314.9653387553416,2555.8306948052923
2026-03-06,68148.0,68155.22846707719,-200.88156318660492,193.6530961094104
2026-03-07,67271.0,68328.58767438558,-403.2037555228795,-654.3839188627026
2026-03-08,66036.0,68527.6991452204,-1991.0296460497436,-500.6694991706463
2026-03-09,68459.0,68812.27471317,704.2990265999083,-1057.5737397699122
2026-03-10,69883.0,69207.94596342686,1152.2672692158435,-477.2132326426945
2026-03-11,70227.0,69702.86126111317,609.723231250529,-85.58449236369052
2026-03-12,70544.0,70217.75845770653,315.82902550159343,10.412516791882808
2026-03-13,70965.0,70538.02569059325,-110.3760178799972,537.3503272867529
2026-03-14,71217.0,70694.41085877405,-699.8425220842341,1222.4316633101844
2026-03-15,72682.0,70805.06984182507,-2061.967135230537,3938.897293405462
2026-03-16,74858.0,70863.73739997201,604.347399765536,3389.915200262447
2026-03-17,73926.0,70867.11860592806,1426.8646702581348,1632.0167238138092
2026-03-18,71256.0,70806.77996898766,928.6324199563494,-479.41238894400885
2026-03-19,69871.0,70630.80470109069,61.25889863949344,-821.063599730187
2026-03-20,70553.0,70364.08318887836,-339.25326834485145,528.1700794664939
2026-03-21,68734.0,70104.09057970914,-856.2526189055203,-513.8379608036194
2026-03-22,67849.0,69827.41615184548,-1777.1279452082476,-201.2882066372258
2026-03-23,70893.0,69512.95082024466,470.5819947711631,909.4671849841834
2026-03-24,70525.0,69177.87497645854,1616.545860109565,-269.420836568097
2026-03-25,71309.0,68815.24741313684,1044.0331255706783,1449.7194612924795
2026-03-26,68791.0,68446.27951294699,-154.4715573830246,499.1920444360294
2026-03-27,66321.0,68096.35808300147,-476.2497409343199,-1299.1083420671494
2026-03-28,66321.0,67758.33713796074,-933.9811217708915,-503.35601618984947
2026-03-29,65970.0,67459.93705372735,-1362.5349448235443,-127.40210890379967
2026-03-30,66699.0,67265.3738848007,285.6921114031693,-852.0659962038771
2026-03-31,68232.0,67230.27088205784,1407.4370727366152,-405.7079547944595
2026-04-01,68089.0,67373.2413317138,974.8340774385047,-259.07540915229765
2026-04-02,66892.0,67669.05265730298,-30.158436699818438,-746.8942206031643
2026-04-03,66940.0,68056.42126899802,-220.71290441366097,-895.7083645843522
2026-04-04,67304.0,68523.66478669381,-651.7653388441947,-567.899447849617
2026-04-05,68986.0,69075.34642531573,-1406.7577774769568,1317.4113521612308
2026-04-06,68864.0,69688.0455949248,-1.576468024458734,-822.4691269003379
2026-04-07,71976.0,70324.62253865457,915.918077895984,735.4593834494444
2026-04-08,71117.0,70965.90039618708,714.5718085807503,-563.4722047678224
2026-04-09,71771.0,71569.19656711777,143.64482339890728,58.15860948331829
2026-04-10,72973.0,72121.7906560483,318.9394591712411,532.2698847804568
2026-04-11,73054.0,72649.86716107666,-241.12312325685753,645.255962180192
2026-04-12,70757.0,73181.10369751039,-1391.6538067117797,-1032.4498907986126
2026-04-13,74515.0,73680.53566382772,-134.50187158592087,968.9662077582034
2026-04-14,74181.0,74125.11347045237,366.75620415331986,-310.86967460569576
2026-04-15,74834.0,74503.90171117148,421.91866750698443,-91.82037867845793
2026-04-16,75149.0,74851.93470110702,205.69147013433076,91.37382875864569
2026-04-17,77128.0,75220.02190988518,649.939174395829,1258.038915718993
2026-04-18,75728.0,75613.0767779473,95.1743339587168,19.74888809399272
2026-04-19,73856.0,75983.66557298,-1167.024321530897,-960.6412514490949
2026-04-20,75875.0,76321.05027461398,15.556963837788366,-461.60723845177563
2026-04-21,76350.0,76626.38147472788,-111.83274346073517,-164.54873126714665
2026-04-22,78195.0,76886.22944380422,258.117614635467,1050.6529415603145
2026-04-23,78261.0,77090.43499057274,-35.847327517760895,1206.4123369450244
2026-04-24,77445.0,77225.10537405207,535.8618452103296,-315.96721926239843
2026-04-25,77619.0,77269.74863458141,157.18142034471742,192.06994507387572
2026-04-26,78645.0,77275.40299843489,-637.7184496537263,2007.315451218834
2026-04-27,77361.0,77303.41218974575,131.5419870379211,-73.95417678367812
2026-04-28,76345.0,77371.7269632176,-149.8956677394413,-876.8312954781577
2026-04-29,75775.0,77504.5755381161,196.69822008489152,-1926.2737582009868
2026-04-30,76287.0,77718.67451341638,-150.61568917815157,-1281.0588242382219
2026-05-01,78172.0,78028.12098642145,63.17442445338102,80.70458912517643
2026-05-02,78655.0,78439.14386564415,14.48188946345924,201.37424489238765
2026-05-03,78563.0,78907.96324166532,64.15046145204496,-409.11370311735664
2026-05-04,79824.0,79381.17470002625,255.6083862190717,187.21691375467344
2026-05-05,80925.0,79821.25862203797,-106.18910895754631,1209.9304869195767
2026-05-06,81425.0,80201.98368780572,-66.28537647522431,1289.3016886694968
2026-05-07,80022.0,80492.62180923205,-54.4320983024262,-416.189710929626
2026-05-08,80189.0,80669.704418413,-274.8784335344428,-205.8259848785674
2026-05-09,80678.0,80736.00244047861,-112.40451972534228,54.4020792467345
2026-05-10,82146.0,80685.94928797001,187.64569356708853,1272.4050184629014
2026-05-11,81725.0,80530.05035400322,344.7461333312838,850.2035126654955
2026-05-12,80481.0,80278.08331365106,-22.767103192498553,225.68378954143554
2026-05-13,79278.0,79920.64297327425,-109.6969608382461,-532.9460124360048
2026-05-14,81052.0,79468.48626023633,88.73957154696814,1494.7741682167107
2026-05-15,79069.0,78994.34323620214,-519.1096681231222,593.7664319209871
2026-05-16,78135.0,78553.32774103676,-53.443030621393746,-364.8847104153683
2026-05-17,77426.0,78145.46563490608,368.2011971495527,-1087.6668320556346
2026-05-18,76952.0,77752.88380702565,622.7589700031657,-1423.6427770288137
2026-05-19,76809.0,77380.94522691843,-212.33628103718402,-359.60894588123483
2026-05-20,77460.0,77067.5942374658,-477.9671056268761,870.3728681610664
2026-05-21,77546.0,76850.75120143837,21.577226965923217,673.6715715957107
2026-05-22,75483.0,76686.97135406618,-514.4752707219473,-689.496083344231
2026-05-23,76673.0,76480.456533714,458.8065215007823,-266.2630552147748
2026-05-24,76988.0,76179.57385846414,585.1533284826015,223.27281305326323
2026-05-25,77274.0,75794.87146552351,848.2157527325109,630.912781743973
2026-05-26,75824.0,75354.00304509254,-563.2213499053952,1033.21830481285
2026-05-27,74353.0,74812.54469827283,-960.7754256468149,501.23072737398616
2026-05-28,73540.0,74072.81545370481,-356.36240419617104,-176.45304950863647
2026-05-29,73383.0,73098.3540250513,-454.4430630937097,739.0890380424098
2026-05-30,73751.0,71936.77333637755,727.4530445243598,1086.773619098094
2026-05-31,73593.0,70648.3379858072,761.8523113174608,2182.80970287534
2026-06-01,71360.0,69273.95356522304,1110.5855907177233,975.4608440592419
2026-06-02,66650.0,67933.90422014371,-581.842113927822,-702.0621062158898
2026-06-03,64022.0,66734.64328793886,-1203.3404607508771,-1509.3028271879812
2026-06-04,63796.0,65658.50779819736,-728.920116518808,-1133.587681678553
2026-06-05,60922.0,64719.781974039404,-368.4492169109325,-3429.3327571284754
2026-06-06,60862.0,63986.445088234825,778.9732744888287,-3903.418362723656
2026-06-07,63255.0,63441.35903452349,906.8994317659725,-1093.258466289466
2026-06-08,63078.0,63061.33435462443,1308.0154355026705,-1291.3497901270966
2026-06-09,61658.0,62904.503638265865,-343.7525348094439,-902.7511034564232
2026-06-10,61493.0,63047.89696798561,-1208.8364015279917,-346.0605664576142
2026-06-11,63552.0,63421.08237242574,-975.4585788051295,1106.3762063793838
2026-06-12,63538.0,63825.25642414618,-335.27776400293266,48.021339856750274
2026-06-13,64378.0,64156.901333828544,666.8985983004472,-445.7999321289899
2026-06-14,65714.0,64382.16841021011,644.6582885729575,687.1733012169279
2026-06-15,66301.0,64488.84487974345,1157.0888229204877,655.0662973360668
2026-06-16,65599.0,64477.48229107982,-30.380528424274694,1151.8982373444524
2026-06-17,64423.0,64373.83444489092,-942.8347004202722,992.000255529354
2026-06-18,62900.0,64194.93397141313,-912.4825352957371,-382.4514361173933
2026-06-19,63514.0,63912.206534189514,-356.3664074653692,-41.840126724142465
2026-06-20,64240.0,63515.182610143325,337.6085128314183,387.2088770252594
2026-06-21,63232.0,63039.782133736524,528.1047533878715,-335.8868871243976
2026-06-22,63957.0,62526.12872667281,953.7539578007121,477.1173155264769
2026-06-23,62652.0,62019.18316369484,227.57164174533835,405.24519455982227
2026-06-24,60909.0,61534.07998153369,-793.273231818126,168.19325028443563
2026-06-25,59713.0,61066.70978579949,-897.1906155137858,-456.5191702857046
2026-06-26,59982.0,60641.92776004977,-141.4059271606601,-518.5218328891133
2026-06-27,59943.0,60320.24932949648,410.67160185260434,-787.9209313490865
2026-06-28,60317.0,60144.624465897214,438.1156072663306,-265.74007316354255
2026-06-29,59995.0,60133.46422383242,575.7349821755372,-714.1992060079574
2026-06-30,59488.0,60272.82176060338,117.47840523817305,-902.3001658415524
2026-07-01,58660.0,60536.24542538524,-616.3194766843801,-1259.9259487008603
2026-07-02,60230.0,60889.26524989733,-632.0135555593921,-27.251694337937806
2026-07-03,61663.0,61291.573055112116,-21.443866808855816,392.8708116967391
2026-07-04,62451.0,61711.67593161028,408.83987907918254,330.4841893105331
2026-07-05,62728.0,62132.77118086122,360.54172353684993,234.68709560192656
2026-07-06,62931.0,62519.62475063631,-14.99536046128874,426.37060982498224
2026-07-07,63321.0,62834.38686263414,-127.13500939177854,613.7481467576363
2026-07-08,62600.0,63056.91852808014,-239.32749444956136,-217.5910336305751
2026-07-09,62814.0,63198.4987255195,-98.09198517713286,-286.4067403423687
2026-07-10,63798.0,63305.84843310608,-36.45166674990484,528.603233643822
2026-07-11,64170.0,63408.52953059121,192.30768786905466,569.1627815397369
2026-07-12,63724.0,63499.56850583618,235.78580362442653,-11.3543094606066
2026-07-13,62749.0,63584.99076201588,-309.70045932626294,-526.2903026896165
2026-07-14,62528.0,63671.5332132879,-121.77759601320344,-1021.7556172746918
2026-07-15,64810.0,63760.78292749884,246.23024837279686,802.9868241283621
2026-07-16,64725.0,63891.63483457875,238.70788281481427,594.6572826064366
2026-07-17,62871.0,64083.24761607021,-2.639991013153683,-1209.6076250570623
2026-07-18,63938.0,64308.99950782793,-174.29162640818703,-196.7078814197448
2026-07-19,64668.0,64523.54926352515,24.025931053727263,120.42480542112025
2026-07-20,63839.0,64683.56525976242,-357.8771986993923,-486.68806106303236
2026-07-21,65871.0,64794.57756041839,-220.79303851530437,1297.215478096914
2026-07-22,65887.0,64895.592378042245,549.989581449939,441.418040507815
2026-07-23,65749.0,64952.50342487031,431.4736012656538,365.022973864041
2026-07-24,65401.0,64924.673519016156,-7.496535196247503,483.8230161800893
2026-07-25,63935.0,64815.241782295096,-426.2615595066829,-453.9802227884138
2026-07-26,64384.0,64647.008408717185,-63.75625692486426,-199.25215179232328
2026-07-27,65397.0,64447.60607848237,-257.1507886125551,1206.5447101301907
2026-07-28,63556.0,64253.30701353683,-187.6564135314186,-509.65060000541416
2026-07-29,64348.0,64062.60355346113,446.77238233749637,-161.37593579862732
2026-07-30,63922.0,63896.44753681253,456.11057854754836,-430.5581153600797
2026-07-31,64213.0,63776.87209256187,91.14932788633146,344.97857955179643
2026-08-01,63020.0,63713.085101825636,-392.9421165369739,-300.14298528866493
2026-08-02,63435.0,63714.73133646079,-89.48572718778502,-190.24560927300627
2026-08-03,62597.0,63787.31069240997,42.93098652589063,-1233.2416789358613
2026-08-04,63608.0,63902.73115367178,-363.27571202496097,68.5445583531764
2026-08-05,64205.0,64051.30498371866,165.90362796513898,-12.20861168380361
2026-08-06,64772.0,64213.12412343673,363.39782860847833,195.4780479547917
2026-08-07,64284.0,64347.01882028623,126.88711215415739,-189.9059324403861
2026-08-08,64971.0,64410.0895873919,-267.61002978966997,828.5204423977702
2026-08-09,64814.0,64381.8227068281,-2.920359345938323,435.0976525178412
2026-08-10,65251.0,64277.60809971189,122.8971563298079,850.4947439582975
2026-08-11,63887.0,64123.91051310537,-918.3361769433911,681.4256638380175
2026-08-12,63616.0,63938.587571270444,290.05917680882385,-612.6467480792708
2026-08-13,63848.0,63758.50213335042,289.6685283022414,-200.17066165265715
2026-08-14,62983.0,63698.574654772936,473.7358808947401,-1189.3105356676751
2026-08-15,63054.0,64014.44090867225,-440.56500178722456,-519.8759068850268
2026-08-16,63014.0,64648.82459487709,133.92203863956152,-1768.7466335166537
2026-08-17,63594.0,65592.513677554,249.1366504571392,-2247.650328011143
2026-08-18,64229.0,66943.13206745975,-884.1576221052757,-1829.9744453544772
2026-08-19,64287.0,68458.77716104397,179.93469545059025,-4351.711856494556
2026-08-20,69803.0,70025.35872136227,92.7915721543874,-315.15029351665
2026-08-21,75548.0,71602.9842443248,836.6317390618724,3108.384016613316
2026-08-22,77440.0,73185.52575484761,-552.405914229125,4806.880159381515
2026-08-23,76046.0,74689.9052706412,104.55911749168214,1251.5356118671189
2026-08-24,77465.0,75996.29327589026,195.66807452626728,1273.0386495834682
2026-08-25,80436.0,77025.87619184604,-663.1346899971506,4073.2584981511172
2026-08-26,78913.0,77771.8291171575,61.84934354192444,1079.3215393005812
2026-08-27,78812.0,78135.15523267094,-109.67633447483779,786.5211018038972
2026-08-28,79938.0,78318.77102711193,798.3710649835577,820.8579079045157
2026-08-29,77450.0,78423.96049521075,-431.0969792465636,-542.8635159641854
2026-08-30,78269.0,78452.61368935638,110.73949148880685,-294.3531808451953
2026-08-31,78087.0,78495.39459047037,260.4550790313582,-668.8496695017238
2026-09-01,78747.0,78595.27388849983,-557.8097832942661,709.5358947944478
2026-09-02,77536.0,78725.2628544687,76.1741087358126,-1265.4369632045127
2026-09-03,77782.0,78851.59363603125,-219.6829286567376,-849.9107073745108
2026-09-04,80743.0,78963.69200798187,653.5511888629591,1125.7568031551782
2026-09-05,79667.0,79042.03209369753,-347.5494331455368,972.517339448008
2026-09-06,79763.0,79054.61753534326,46.81372290214969,661.5687417545851
2026-09-07,79653.0,78980.60376507978,328.43003658483843,343.96619833538716
2026-09-08,78278.0,78713.6709835673,-360.3216502761234,-75.34933329117484
2026-09-09,79111.0,78445.96581261168,66.69519597442468,598.338991413897
2026-09-10,78418.0,78172.43816616404,-323.57173714567296,569.133570981634
2026-09-11,77263.0,77888.0858573429,403.3825685593587,-1028.4684259022615
2026-09-12,77282.0,77591.83695801946,-193.6402608377185,-116.196697181731
2026-09-13,77058.0,77286.01839174675,-34.22743663595148,-193.79095511080232
2026-09-14,77571.0,76973.62786753343,415.0553920277097,182.3167404388514
