lag,pacf_diff1
0,1.0
1,0.03662612535936161
2,-0.06367163596927665
3,0.08786447469261525
4,0.029468095129727773
5,0.055465571337906694
6,-0.02457650576507967
7,0.08838201307360696
8,-0.10208438716374689
9,-0.09594552322243276
10,-0.0031745944399817283
11,-0.029152273547521076
12,-0.039730883778882176
13,0.035021743057870015
14,0.05189368532781883
15,0.036078738357437044
16,-0.0012626839618007496
17,0.08649938372522496
18,0.030858197601349915
19,-0.016811310957927563
20,-0.07487988702103544
21,-0.011891202906609822
22,-0.01704094679439194
23,0.08040132986963361
24,-0.023576114817590057
25,0.09387856023917737
26,-0.0814502530857146
27,-0.0033131999858710395
28,0.036359828936972496
29,-0.0022329968380555396
30,-0.14674755004195517
31,0.05185845365784871
32,-0.02697464732492898
33,-0.010390243723137026
34,0.0787516875568298
35,-0.0506037848205373
36,-0.023457902442375902
37,0.11030657573409645
38,-0.0452693037278993
39,-0.09688496181776358
40,0.013712578640345186
41,0.02093380097689224
42,-0.03090309122815113
43,-0.021504700295382418
44,-0.006444716919475327
45,-0.04080376632563424
46,0.02194515275480807
47,-0.10585274873801885
48,0.023398908805589178
49,-0.03379973436408033
50,0.008929979501650729
51,0.043461099297814686
52,0.029351670889777172
53,-0.04659137466865237
54,0.012062093300380354
55,0.018906982572766216
56,0.026947810413313133
57,0.05335987939506577
58,-0.16048037929000686
59,-0.0013802810595651388
60,0.03875425577483833
61,0.002594759647466632
62,-0.01337434830800499
63,-0.0012756624307644292
64,-0.16957797220286586
65,0.019720263215511128
66,0.08450572205779443
67,0.056242886099851466
68,-0.021381053081596362
69,0.0060937503238476945
70,-0.02065473538163835
71,-0.005493690993432519
72,-0.02075394321533169
73,-0.1123706442416616
74,-0.011017622463530904
75,0.008915560432628407
76,0.06941683131342533
77,0.10039376965546615
78,-0.06803988067907689
79,0.03501175427691608
80,-0.014728083020551662
81,0.023623873820297462
82,0.042024770397102396
83,-0.040128980641212536
84,0.05410198371818329
85,-0.06783668338889343
86,0.0009237860147750796
87,-0.012778186927819912
88,0.02691880413131795
89,0.0575406450416315
90,0.00016138985781230286
91,-0.018178969079070205
92,0.03969370741629605
93,-0.09058568815381556
94,0.017818462553375224
95,-0.043401093192160095
96,0.011293559003331103
97,-0.004065876816840046
98,0.07633669732750567
99,-0.04770660624006924
100,-0.09394030382290745
101,0.0339507137750161
102,-0.003564716300862784
103,0.1142042150141868
104,-0.07554300028232847
105,0.050511953563224056
106,0.01534220849425456
107,0.041065516852810645
108,-0.05130171146514812
109,-0.03614067295395684
110,0.04532498194364828
111,0.03914994852839441
112,0.10798985919509312
113,-0.05454032700442952
114,0.0023909354303093978
115,-0.076345194820315
116,0.05089608601189138
117,0.07833286505404123
118,0.06094533582637457
119,-0.08033386381234302
120,0.022579369387764867
121,0.07352011201484207
122,-0.02740057291314023
123,0.08006405123647425
124,-0.007936249225193676
125,-0.05599363733745303
126,-0.051042000474824
127,-0.008444716713332568
128,-0.02267021642901628
129,-0.03588509214628731
130,-0.047838529298869385
131,-0.034894008131534385
132,0.08883947384192681
133,0.12882780241510056
134,-0.06257976693757031
135,0.005358878158515232
136,-0.034886145479721534
137,0.010613508275189844
138,-0.07971482587229421
139,-0.006736112086326345
140,0.01380628850369638
141,0.04210962565818017
142,-0.10691174760021994
143,-0.002434229205982678
144,-0.07312213350284467
145,0.026165683809889654
146,-0.027511420835746852
147,0.017483593261361924
148,0.06868584510026753
149,-0.0869487368954235
150,-0.09475030018264952
