date,expected_balance,order_M1,order_M2_normal,order_M2_urgent,order_M3,discount_target,discount_P1,discount_P2
2026-09-23,-176952600,0,3682318,0,0,2026-09-24,0.0,0.0
2026-09-24,-209795720,0,0,0,0,2026-09-25,0.0,0.0
2026-09-25,-245681350,644017,0,0,0,2026-09-26,0.0,0.0
2026-09-26,-273746470,0,0,0,0,2026-09-27,0.0,0.0
2026-09-27,-351255200,853587,0,0,0,2026-09-28,0.0,0.0
2026-09-28,-545662472,0,2584779,800090,444156,2026-09-29,0.0,0.0
2026-09-29,-510329869,0,0,0,0,2026-09-30,0.0,0.0
2026-09-30,-473126343,0,0,0,0,2026-10-01,0.0,0.0
2026-10-01,-433280535,0,0,0,0,2026-10-02,0.0,0.0
2026-10-02,-420532517,524413,0,0,0,2026-10-03,0.0,0.0
2026-10-03,-405562581,0,0,0,0,2026-10-04,0.0,0.0
