date,M1_in,M1_out,M1_level,M2_in,M2_out,M2_level,M3_in,M3_out,M3_level
2026-10-07,0,275000,434400,0,722000,4583377,0,86000,146000
2026-10-08,0,294000,140400,0,760000,3823377,0,86000,60000
2026-10-09,0,0,140400,0,350000,3473377,576760,175000,461760
2026-10-10,0,0,140400,0,0,3473377,0,0,461760
2026-10-11,0,0,140400,0,154000,3319377,0,77000,384760
2026-10-12,0,140000,400,0,452000,2867377,0,86000,298760
2026-10-13,996005,273000,723405,0,718000,2149377,0,86000,212760
2026-10-14,0,273000,450405,0,718000,1431377,0,86000,126760
2026-10-15,0,273000,177405,0,718000,713377,0,86000,40760
2026-10-16,105595,283000,0,28623,742000,0,47240,88000,0
