week,submit_by,status,P1_jobs,P1_prod_days,P2_jobs,P2_prod_days,P1_demand,P2_demand,P1_lost,P2_lost,order_M1,order_M2_normal,order_M2_urgent,order_M3,P1_level_end,P2_level_end,balance_end
10-03~10-03,2026-09-26,확정,0,0,85,1,0,85797,0,797,0,0,0,0,0,0,5209926
10-04~10-10,2026-10-03,제출 예정,844,3,605,6,824715,600579,0,0,587961,2325903,0,576760,19285,4421,88919238
10-11~10-17,2026-10-10,제출 예정,1375,5,601,6,1374525,600579,0,0,1348066,2423554,0,600675,19760,4842,236687515
10-18~10-24,2026-10-17,제출 예정,1375,5,599,6,1374525,600579,0,0,1374994,4667021,0,598090,20235,3263,331489479
10-25~10-31,2026-10-24,제출 예정,1374,5,601,6,1374525,600579,0,0,1372172,4930690,0,600889,19710,3684,418365836
11-01~11-07,2026-10-31,제출 예정,1375,5,601,6,1374525,600579,0,0,1376805,2253984,0,600938,20185,4105,573753733
11-08~11-14,2026-11-07,제출 예정,1374,5,600,6,1374525,600579,0,0,1372181,4665116,0,599848,19660,3526,668138930
11-15~11-21,2026-11-14,제출 예정,1375,5,601,6,1374525,600579,0,0,1376757,4934958,0,600793,20135,3947,754483671
11-22~11-28,2026-11-21,제출 예정,1374,5,600,6,1374525,600579,0,0,1372183,1923397,0,599942,19610,3368,918930431
11-29~12-04,2026-11-28,제출 예정,1366,5,515,6,1374525,514782,0,0,666481,0,0,55065,11085,3586,1175951040
