date,weekday,submit_by,forecast_P1,P1_jobs,P1_short,forecast_P2,P2_jobs,P2_short,expected_balance,order_M1,order_M2_normal,order_M2_urgent,order_M3,next_discount_P1,next_discount_P2,P1_in,P1_out,P1_level,P1_lost,P2_in,P2_out,P2_level,P2_lost,M1_in,M1_out,M1_level,M2_in,M2_out,M2_level,M3_in,M3_out,M3_level
2026-10-03,Sat,2026-09-26,0,0,0,85797,85,0,5209926,0,0,0,0,0.0,0.0,0,0,0,0,85000,85000,0,797,0,0,984400,1146424,170000,976424,0,85000,490000
2026-10-04,Sun,2026-10-03,0,0,0,85797,86,0,-18890233,0,0,0,576760,0.0,0.0,0,0,0,0,86000,85797,203,0,0,0,984400,88195,172000,892619,0,86000,404000
2026-10-05,Mon,2026-10-03,0,0,0,85797,86,0,-8614482,0,0,0,0,0.0,0.0,0,0,0,0,86000,85797,406,0,0,0,984400,0,172000,720619,0,86000,318000
2026-10-06,Tue,2026-10-03,274905,275,0,85797,86,0,38840821,0,0,0,0,0.0,0.0,275000,274905,95,0,86000,85797,609,0,0,275000,709400,5306758,722000,5305377,0,86000,232000
2026-10-07,Wed,2026-10-03,274905,275,0,85797,86,0,89856184,0,0,0,0,0.0,0.0,275000,274905,190,0,86000,85797,812,0,0,275000,434400,0,722000,4583377,0,86000,146000
2026-10-08,Thu,2026-10-03,274905,294,0,85797,86,0,82571032,0,2325903,0,0,0.0,0.0,294000,274905,19285,0,86000,85797,1015,0,0,294000,140400,0,760000,3823377,0,86000,60000
2026-10-09,Fri,2026-10-03,0,0,0,85797,175,0,64138765,587961,0,0,0,0.0,0.0,0,0,19285,0,175000,85797,90218,0,0,0,140400,0,350000,3473377,576760,175000,461760
2026-10-10,Sat,2026-10-03,0,0,0,85797,0,0,88919238,0,0,0,0,0.0,0.0,0,0,19285,0,0,85797,4421,0,0,0,140400,0,0,3473377,0,0,461760
2026-10-11,Sun,2026-10-10,0,0,0,85797,82,0,36218531,842978,0,0,600675,0.0,0.0,0,0,19285,0,82000,85797,624,0,0,0,140400,0,164000,3309377,0,82000,379760
2026-10-12,Mon,2026-10-10,274905,256,0,85797,86,0,86452263,0,0,0,0,0.0,0.0,256000,274905,380,0,86000,85797,827,0,587961,256000,472361,0,684000,2625377,0,86000,293760
2026-10-13,Tue,2026-10-10,274905,275,0,85797,86,0,74257205,0,2423554,0,0,0.0,0.0,275000,274905,475,0,86000,85797,1030,0,0,275000,197361,0,722000,1903377,0,86000,207760
2026-10-14,Wed,2026-10-10,274905,275,0,85797,86,0,128368079,0,0,0,0,0.0,0.0,275000,274905,570,0,86000,85797,1233,0,842978,275000,765339,0,722000,1181377,0,86000,121760
2026-10-15,Thu,2026-10-10,274905,275,0,85797,86,0,187839013,0,0,0,0,0.0,0.0,275000,274905,665,0,86000,85797,1436,0,0,275000,490339,0,722000,459377,0,86000,35760
2026-10-16,Fri,2026-10-10,274905,294,0,85797,175,0,210363114,505088,0,0,0,0.0,0.0,294000,274905,19760,0,175000,85797,90639,0,0,294000,196339,2325903,938000,1847280,600675,175000,461435
2026-10-17,Sat,2026-10-10,0,0,0,85797,0,0,236687515,0,0,0,0,0.0,0.0,0,0,19760,0,0,85797,4842,0,0,0,196339,0,0,1847280,0,0,461435
2026-10-18,Sun,2026-10-17,0,0,0,85797,81,0,119743371,869906,2493391,0,598090,0.0,0.0,0,0,19760,0,81000,85797,45,0,0,0,196339,0,162000,1685280,0,81000,380435
2026-10-19,Mon,2026-10-17,274905,256,0,85797,86,0,171629904,0,0,0,0,0.0,0.0,256000,274905,855,0,86000,85797,248,0,505088,256000,445427,0,684000,1001280,0,86000,294435
2026-10-20,Tue,2026-10-17,274905,275,0,85797,86,0,224676497,0,0,0,0,0.0,0.0,275000,274905,950,0,86000,85797,451,0,0,275000,170427,0,722000,279280,0,86000,208435
2026-10-21,Wed,2026-10-17,274905,275,0,85797,86,0,220648940,0,2173630,0,0,0.0,0.0,275000,274905,1045,0,86000,85797,654,0,869906,275000,765333,2423554,722000,1980834,0,86000,122435
2026-10-22,Thu,2026-10-17,274905,275,0,85797,86,0,279322193,0,0,0,0,0.0,0.0,275000,274905,1140,0,86000,85797,857,0,0,275000,490333,0,722000,1258834,0,86000,36435
2026-10-23,Fri,2026-10-17,274905,294,0,85797,174,0,303605686,505088,0,0,0,0.0,0.0,294000,274905,20235,0,174000,85797,89060,0,0,294000,196333,0,936000,322834,598090,174000,460525
2026-10-24,Sat,2026-10-17,0,0,0,85797,0,0,331489479,0,0,0,0,0.0,0.0,0,0,20235,0,0,85797,3263,0,0,0,196333,0,0,322834,0,0,460525
2026-10-25,Sun,2026-10-24,0,0,0,85797,83,0,280891652,868436,0,0,600889,0.0,0.0,0,0,20235,0,83000,85797,466,0,0,0,196333,0,166000,156834,0,83000,377525
2026-10-26,Mon,2026-10-24,274905,255,0,85797,86,0,266311711,0,2508299,0,0,0.0,0.0,255000,274905,330,0,86000,85797,669,0,505088,255000,446421,2493391,682000,1968225,0,86000,291525
2026-10-27,Tue,2026-10-24,274905,275,0,85797,86,0,318399305,0,0,0,0,0.0,0.0,275000,274905,425,0,86000,85797,872,0,0,275000,171421,0,722000,1246225,0,86000,205525
2026-10-28,Wed,2026-10-24,274905,275,0,85797,86,0,373178523,0,0,0,0,0.0,0.0,275000,274905,520,0,86000,85797,1075,0,868436,275000,764857,0,722000,524225,0,86000,119525
2026-10-29,Thu,2026-10-24,274905,275,0,85797,86,0,367584396,0,2422391,0,0,0.0,0.0,275000,274905,615,0,86000,85797,1278,0,0,275000,489857,2173630,722000,1975855,0,86000,33525
2026-10-30,Fri,2026-10-24,274905,294,0,85797,174,0,391195246,503736,0,0,0,0.0,0.0,294000,274905,19710,0,174000,85797,89481,0,0,294000,195857,0,936000,1039855,600889,174000,460414
2026-10-31,Sat,2026-10-24,0,0,0,85797,0,0,418365836,0,0,0,0,0.0,0.0,0,0,19710,0,0,85797,3684,0,0,0,195857,0,0,1039855,0,0,460414
2026-11-01,Sun,2026-10-31,0,0,0,85797,83,0,366953926,871717,0,0,600938,0.0,0.0,0,0,19710,0,83000,85797,887,0,0,0,195857,0,166000,873855,0,83000,377414
2026-11-02,Mon,2026-10-31,274905,256,0,85797,86,0,419636000,0,0,0,0,0.0,0.0,256000,274905,805,0,86000,85797,1090,0,503736,256000,443593,0,684000,189855,0,86000,291414
2026-11-03,Tue,2026-10-31,274905,275,0,85797,86,0,411620235,0,2253984,0,0,0.0,0.0,275000,274905,900,0,86000,85797,1293,0,0,275000,168593,2508299,722000,1976154,0,86000,205414
2026-11-04,Wed,2026-10-31,274905,275,0,85797,86,0,465642413,0,0,0,0,0.0,0.0,275000,274905,995,0,86000,85797,1496,0,871717,275000,765310,0,722000,1254154,0,86000,119414
2026-11-05,Thu,2026-10-31,274905,275,0,85797,86,0,525024651,0,0,0,0,0.0,0.0,275000,274905,1090,0,86000,85797,1699,0,0,275000,490310,0,722000,532154,0,86000,33414
2026-11-06,Fri,2026-10-31,274905,294,0,85797,174,0,547589042,505088,0,0,0,0.0,0.0,294000,274905,20185,0,174000,85797,89902,0,0,294000,196310,2422391,936000,2018545,600938,174000,460352
2026-11-07,Sat,2026-10-31,0,0,0,85797,0,0,573753733,0,0,0,0,0.0,0.0,0,0,20185,0,0,85797,4105,0,0,0,196310,0,0,2018545,0,0,460352
2026-11-08,Sun,2026-11-07,0,0,0,85797,82,0,456437454,868446,2491084,0,599848,0.0,0.0,0,0,20185,0,82000,85797,308,0,0,0,196310,0,164000,1854545,0,82000,378352
2026-11-09,Mon,2026-11-07,274905,255,0,85797,86,0,508365277,0,0,0,0,0.0,0.0,255000,274905,280,0,86000,85797,511,0,505088,255000,446398,0,682000,1172545,0,86000,292352
2026-11-10,Tue,2026-11-07,274905,275,0,85797,86,0,561253160,0,0,0,0,0.0,0.0,275000,274905,375,0,86000,85797,714,0,0,275000,171398,0,722000,450545,0,86000,206352
2026-11-11,Wed,2026-11-07,274905,275,0,85797,86,0,557227873,0,2174032,0,0,0.0,0.0,275000,274905,470,0,86000,85797,917,0,868446,275000,764844,2253984,722000,1982529,0,86000,120352
2026-11-12,Thu,2026-11-07,274905,275,0,85797,86,0,615913446,0,0,0,0,0.0,0.0,275000,274905,565,0,86000,85797,1120,0,0,275000,489844,0,722000,1260529,0,86000,34352
2026-11-13,Fri,2026-11-07,274905,294,0,85797,174,0,640246333,503735,0,0,0,0.0,0.0,294000,274905,19660,0,174000,85797,89323,0,0,294000,195844,0,936000,324529,599848,174000,460200
2026-11-14,Sat,2026-11-07,0,0,0,85797,0,0,668138930,0,0,0,0,0.0,0.0,0,0,19660,0,0,85797,3526,0,0,0,195844,0,0,324529,0,0,460200
2026-11-15,Sun,2026-11-14,0,0,0,85797,83,0,617457717,871669,0,0,600793,0.0,0.0,0,0,19660,0,83000,85797,729,0,0,0,195844,0,166000,158529,0,83000,377200
2026-11-16,Mon,2026-11-14,274905,256,0,85797,86,0,602556315,0,2512576,0,0,0.0,0.0,256000,274905,755,0,86000,85797,932,0,503735,256000,443579,2491084,684000,1965613,0,86000,291200
2026-11-17,Tue,2026-11-14,274905,275,0,85797,86,0,654629373,0,0,0,0,0.0,0.0,275000,274905,850,0,86000,85797,1135,0,0,275000,168579,0,722000,1243613,0,86000,205200
2026-11-18,Wed,2026-11-14,274905,275,0,85797,86,0,709390822,0,0,0,0,0.0,0.0,275000,274905,945,0,86000,85797,1338,0,871669,275000,765248,0,722000,521613,0,86000,119200
2026-11-19,Thu,2026-11-14,274905,275,0,85797,86,0,703778749,0,2422382,0,0,0.0,0.0,275000,274905,1040,0,86000,85797,1541,0,0,275000,490248,2174032,722000,1973645,0,86000,33200
2026-11-20,Fri,2026-11-14,274905,294,0,85797,174,0,727331060,505088,0,0,0,0.0,0.0,294000,274905,20135,0,174000,85797,89744,0,0,294000,196248,0,936000,1037645,600793,174000,459993
2026-11-21,Sat,2026-11-14,0,0,0,85797,0,0,754483671,0,0,0,0,0.0,0.0,0,0,20135,0,0,85797,3947,0,0,0,196248,0,0,1037645,0,0,459993
2026-11-22,Sun,2026-11-21,0,0,0,85797,82,0,703427652,868448,0,0,599942,0.0,0.0,0,0,20135,0,82000,85797,150,0,0,0,196248,0,164000,873645,0,82000,377993
2026-11-23,Mon,2026-11-21,274905,255,0,85797,86,0,756343395,0,0,0,0,0.0,0.0,255000,274905,230,0,86000,85797,353,0,505088,255000,446336,0,682000,191645,0,86000,291993
2026-11-24,Tue,2026-11-21,274905,275,0,85797,86,0,756621697,0,1923397,0,0,0.0,0.0,275000,274905,325,0,86000,85797,556,0,0,275000,171336,2512576,722000,1982221,0,86000,205993
2026-11-25,Wed,2026-11-21,274905,275,0,85797,86,0,810676536,0,0,0,0,0.0,0.0,275000,274905,420,0,86000,85797,759,0,868448,275000,764784,0,722000,1260221,0,86000,119993
2026-11-26,Thu,2026-11-21,274905,275,0,85797,86,0,870091435,0,0,0,0,0.0,0.0,275000,274905,515,0,86000,85797,962,0,0,275000,489784,0,722000,538221,0,86000,33993
2026-11-27,Fri,2026-11-21,274905,294,0,85797,174,0,892731078,503735,0,0,0,0.0,0.0,294000,274905,19610,0,174000,85797,89165,0,0,294000,195784,2422382,936000,2024603,599942,174000,459935
2026-11-28,Sat,2026-11-21,0,0,0,85797,0,0,918930431,0,0,0,0,0.0,0.0,0,0,19610,0,0,85797,3368,0,0,0,195784,0,0,2024603,0,0,459935
2026-11-29,Sun,2026-11-28,0,0,0,85797,83,0,899998014,666481,0,0,55065,0.0,0.0,0,0,19610,0,83000,85797,571,0,0,0,195784,0,166000,1858603,0,83000,376935
2026-11-30,Mon,2026-11-28,274905,256,0,85797,86,0,951708852,0,0,0,0,0.0,0.0,256000,274905,705,0,86000,85797,774,0,503735,256000,443519,0,684000,1174603,0,86000,290935
2026-12-01,Tue,2026-11-28,274905,275,0,85797,86,0,1004579750,0,0,0,0,0.0,0.0,275000,274905,800,0,86000,85797,977,0,0,275000,168519,0,722000,452603,0,86000,204935
2026-12-02,Wed,2026-11-28,274905,275,0,85797,86,0,1058420830,0,0,0,0,0.0,0.0,275000,274905,895,0,86000,85797,1180,0,666481,275000,560000,1923397,722000,1654000,0,86000,118935
2026-12-03,Thu,2026-11-28,274905,275,0,85797,86,0,1117621970,0,0,0,0,0.0,0.0,275000,274905,990,0,86000,85797,1383,0,0,275000,285000,0,722000,932000,0,86000,32935
2026-12-04,Fri,2026-11-28,274905,285,0,85797,88,0,1175951040,0,0,0,0,0.0,0.0,285000,274905,11085,0,88000,85797,3586,0,0,285000,0,0,746000,186000,55065,88000,0
