date,P1_in,P1_out,P1_level,P1_lost,P2_in,P2_out,P2_level,P2_lost
2026-10-07,275000,270000,8500,0,86000,84149,3694,0
2026-10-08,294000,273191,29309,0,86000,85394,4300,0
2026-10-09,0,0,29309,0,175000,85394,93906,0
2026-10-10,0,0,29309,0,0,85394,8512,0
2026-10-11,0,0,29309,0,77000,85394,118,0
2026-10-12,140000,169309,0,103882,86000,85394,724,0
2026-10-13,273000,273000,0,191,86000,85394,1330,0
2026-10-14,273000,273000,0,191,86000,85394,1936,0
2026-10-15,273000,273000,0,191,86000,85394,2542,0
2026-10-16,283000,273191,9809,0,88000,85394,5148,0
