period(단위=관측치),power
272.75,59184452561327.16
242.44444444444443,26877573030254.207
363.66666666666663,26418899206389.547
155.85714285714283,23189968135060.766
167.84615384615384,21845288836709.035
128.35294117647058,15566803494166.834
181.83333333333331,14903098999169.047
77.92857142857142,14078160890459.559
218.20000000000002,13813096798552.121
83.92307692307692,13608611629445.613
311.71428571428567,11325327713544.982
94.8695652173913,11323567859932.43
87.28,10252385010740.926
198.36363636363635,10060488738573.086
99.18181818181817,8958968436755.496
