year,mean,std,cv,ret_std,max_abs_ret_%
2018,45531.71511627907,3362.7262487674507,0.07385459212726135,0.014847959632869674,4.978403537928777
2019,46598.88888888889,3791.3601630132284,0.08136160010281374,0.014051988299431613,4.15284586965825
2020,57246.75572519084,7224.155471618637,0.12619327296550578,0.020172973583511753,9.957912972390126
2021,79115.65134099616,4795.825706890897,0.0606179134672155,0.013108320142656787,6.875158785687496
2022,63963.269230769234,6659.6528980572,0.10411683108363706,0.013550975830597846,4.255961441879563
2023,67492.44230769231,4535.229619428027,0.06719611062157597,0.01265513324044221,5.9480909907133395
2024,71494.07124681934,10068.229574826195,0.14082607689339158,0.019232682376909074,10.871622350479981
2025,71489.37602627257,19575.771501336716,0.27382770125371575,0.02031772571849969,6.605482165553411
2026,234387.204007286,60085.960469759826,0.2563534162380811,0.05108042019202643,23.75322887663085
