DATE,log_return,pct_change_%,zscore,value
2020-03-24,0.09957912972390126,10.470588235294166,4.58191074523636,46950.0
2021-01-08,0.06875158785687496,7.1170084439083015,3.1531341239800503,88800.0
2024-08-05,-0.10871622350479981,-10.301507537688547,-5.072038709871493,71400.0
2024-11-15,0.06966065114448838,7.2144288577154825,3.195266849910227,53500.0
2026-01-05,0.07204915607997187,7.470817120622564,3.3059678596207784,138100.0
2026-02-03,0.10768493974938131,11.36968085106378,4.957594019326358,167500.0
2026-02-26,0.06882905790643967,7.125307125307168,3.1567246598762653,218000.0
2026-03-02,-0.07702570835402867,-7.413394919168603,-3.60326551484028,200450.0
2026-03-04,-0.12485565563543588,-11.737570476678695,-5.820059535147567,172200.0
2026-03-05,0.10675327354313069,11.265969802555276,4.914413706732921,191600.0
2026-03-09,-0.08132762776436486,-7.810839532412284,-3.8026483234511566,173500.0
2026-03-10,0.07973230703250422,8.299711815561794,3.6620619817506754,187900.0
2026-03-18,0.0725964789902509,7.529654461062507,3.331334857153627,208500.0
2026-04-01,0.1257258891703188,13.397129186602719,5.793745239851469,189600.0
2026-04-08,0.06882322181311906,7.124681933842125,3.1564541720854473,210500.0
2026-05-05,0.06956618381453694,7.2043010752688375,3.1908885341467017,249250.0
2026-05-15,-0.09008735603752349,-8.614864864864803,-4.208639012531494,270500.0
2026-05-21,0.08171355183835516,8.514492753623305,3.7538875405900956,299500.0
2026-06-01,0.0961701483251467,10.09463722397479,4.423913297828855,349000.0
2026-06-08,-0.10738891391921968,-10.182370820668751,-5.010521352658047,295500.0
2026-06-09,0.08588270869825543,8.967851099830803,3.9471171492780126,322000.0
2026-06-12,0.07565956284514108,7.859531772575279,3.473300850410322,322500.0
2026-06-23,-0.13131118785743467,-12.305516265912232,-6.119256712669668,310000.0
2026-06-24,0.09384282811037536,9.838709677419377,4.316048041254532,340500.0
2026-07-02,-0.0949922653206432,-9.06200317965029,-4.435968838027583,286000.0
2026-07-03,0.07896628130479932,8.216783216783341,3.6265586757865926,309500.0
2026-07-07,-0.07169192845611683,-6.918238993710723,-3.356058648527834,296000.0
2026-07-13,-0.11318834427807367,-10.701754385964968,-5.279309910275663,254500.0
2026-07-16,-0.09173874743672883,-8.765652951699565,-4.285176721373341,255000.0
2026-07-24,-0.07896304380679986,-7.592592592592451,-3.693055989033463,249500.0
2026-07-28,-0.1437067206661755,-13.385826771653587,-6.693757513334799,220000.0
2026-07-31,0.2375322887663085,26.811594202898448,10.975681916432828,262500.0
2026-08-03,-0.09169766518070865,-8.76190476190477,-4.283272665344376,239500.0
2026-08-19,-0.08144033194017553,-7.821229050279433,-3.807871869727108,247500.0
2026-08-20,0.09070823887095614,9.494949494949513,4.17076795885801,271000.0
2026-08-24,-0.091056362684526,-8.703374777975203,-4.253549957719764,257000.0
