year,1,2,3,4,5,6,7,8,9,10,11,12
2018,,,,,50968.75,48514.28571428572,46220.454545454544,45893.47826086957,46275.0,43735.86956521739,43429.545454545456,39714.52380952381
2019,41475.65217391304,46300.0,44582.73809523809,46061.36363636364,43232.065217391304,44825.0,46215.217391304344,43838.63636363636,47279.52380952381,49740.217391304344,52223.80952380953,53679.545454545456
2020,58752.17391304348,59085.0,50168.181818181816,49072.72727272727,49102.380952380954,52986.36363636364,54726.086956521736,57042.857142857145,58181.0606060606,59622.34848484849,63419.04761904762,74148.91304347826
2021,86338.09523809524,83053.0,82127.17391304347,83586.36363636363,80566.66666666667,81104.54545454546,79577.27272727272,76897.72727272728,76445.45454545454,70608.33333333333,71536.36363636363,77833.69565217392
2022,76385.71428571429,73650.0,70471.73913043478,67395.23809523809,66868.18181818182,61607.954545454544,59547.619047619046,60295.65217391304,55709.09090909091,56560.71428571428,61090.90909090909,58911.36363636364
2023,60756.36363636364,62320.0,61126.086956521736,64855.0,66989.13043478261,71661.36363636363,71347.61904761905,67663.04347826086,69981.63265306123,67817.53246753247,71409.09090909091,74168.80952380953
2024,74668.69565217392,73776.19047619047,75665.47619047618,80743.18181818182,77911.95652173914,78757.5,84382.60869565218,76600.0,65676.19047619047,59471.739130434784,55776.19047619047,53998.484848484855
2025,54056.10766045549,55665.0,57128.57142857143,55686.36363636364,55514.545454545456,59113.09523809524,65086.95652173913,70504.76190476191,77022.72727272728,96022.82608695653,100700.0,109565.9420289855
2026,145592.42424242425,181850.0,187711.36363636365,209286.36363636365,279553.5714285714,335886.36363636365,265380.4347826087,254833.33333333334,260350.0,,,
