year,count,mean,std,min,max,sum
2018,172,45531.71511627907,3362.7262487674507,38250.0,52700.0,7831455.0
2019,261,46598.88888888889,3791.3601630132284,37450.0,56700.0,12162310.0
2020,262,57246.75572519084,7224.155471618637,42500.0,81400.0,14998650.0
2021,261,79115.65134099616,4795.825706890897,68800.0,91000.0,20649185.0
2022,260,63963.269230769234,6659.6528980572,52600.0,78900.0,16630450.0
2023,260,67492.44230769231,4535.229619428027,55400.0,78720.0,17548035.0
2024,262,71494.07124681934,10068.229574826195,49900.0,87800.0,18731446.666666668
2025,261,71489.37602627257,19575.771501336716,51000.0,122766.66666666667,18658727.14285714
2026,183,234387.204007286,60085.960469759826,125633.33333333333,362500.0,42892858.333333336
