DATE,monthly_mean,MoM_%,YoY_%
2018-05-31,50968.75,,
2018-06-30,48514.28571428572,-4.8156258211438985,
2018-07-31,46220.454545454544,-4.728156119498883,
2018-08-31,45893.47826086957,-0.7074276698499804,
2018-09-30,46275.0,0.8313201648429747,
2018-10-31,43735.86956521739,-5.487045780189326,
2018-11-30,43429.545454545456,-0.7003956105529285,
2018-12-31,39714.52380952381,-8.554134302211125,
2019-01-31,41475.65217391304,4.434469296008281,
2019-02-28,46300.0,11.631758810826675,
2019-03-31,44582.73809523809,-3.708988995166107,
2019-04-30,46061.36363636364,3.316587550021932,
2019-05-31,43232.065217391304,-6.142454750815752,-15.179271185988863
2019-06-30,44825.0,3.6846141274969435,-7.604534746760905
2019-07-31,46215.217391304344,3.1014331094352254,-0.011330814899379593
2019-08-31,43838.63636363636,-5.142420963955374,-4.477415909844518
2019-09-30,47279.52380952381,7.84898375338523,2.1707699827635096
2019-10-31,49740.217391304344,5.204565070693157,13.728657703109072
2019-11-30,52223.80952380953,4.993126815202387,20.249495999142763
2019-12-31,53679.545454545456,2.7874947155516194,35.16351275417469
2020-01-31,58752.17391304348,9.449834970740213,41.65461140113636
2020-02-29,59085.0,0.5664915266780035,27.6133909287257
2020-03-31,50168.181818181816,-15.091509150915094,12.52826533671405
2020-04-30,49072.72727272727,-2.1835643743770894,6.537721419055598
2020-05-31,49102.380952380954,0.060428024488801135,13.578615098471293
2020-06-30,52986.36363636364,7.90996812914091,18.20716929473205
2020-07-31,54726.086956521736,3.28334160105328,18.415729808551685
2020-08-31,57042.857142857145,4.233392729460106,30.120053620494303
2020-09-30,58181.0606060606,1.995347919465118,23.057628161518885
2020-10-31,59622.34848484849,2.477245797471328,19.867486737747452
2020-11-30,63419.04761904762,6.367912755338656,21.43703838789093
2020-12-31,74148.91304347826,16.918994887599005,38.1325277917373
2021-01-31,86338.09523809524,16.438787426957546,46.95302231008587
2021-02-28,83053.0,-3.8049197507032173,40.56528729796056
2021-03-31,82127.17391304347,-1.1147412940610502,63.70370808072452
2021-04-30,83586.36363636363,1.776744107699546,70.33160429788809
2021-05-31,80566.66666666667,-3.6126669929486765,64.07894098821704
2021-06-30,81104.54545454546,0.6676195132959695,53.06682679934802
2021-07-31,79577.27272727272,-1.8830914083954542,45.41012733195142
2021-08-31,76897.72727272728,-3.3672245387559085,34.80693486328348
2021-09-30,76445.45454545454,-0.588148367075525,31.39233583770622
2021-10-31,70608.33333333333,-7.635668133349194,18.425951220751813
2021-11-30,71536.36363636363,1.3143353754707432,12.799492143237433
2021-12-31,77833.69565217392,8.802980324553712,4.9694357711421056
2022-01-31,76385.71428571429,-1.8603528386091583,-11.527218575919685
2022-02-28,73650.0,-3.5814475406770185,-11.32168615221606
2022-03-31,70471.73913043478,-4.315357596151004,-14.19193456595682
2022-04-30,67395.23809523809,-4.365581257335593,-19.370534662285166
2022-05-31,66868.18181818182,-0.7820378589826649,-17.002670478053183
2022-06-30,61607.954545454544,-7.866562436272185,-24.038838760298155
2022-07-31,59547.619047619046,-3.3442686306284997,-25.170068027210878
2022-08-31,60295.65217391304,1.2561931749039523,-21.589812453016886
2022-09-30,55709.09090909091,-7.606786060780857,-27.12569865620168
2022-10-31,56560.71428571428,1.5286973144349014,-19.895129065434737
2022-11-30,61090.90909090909,8.009437049027879,-14.601601219977123
2022-12-31,58911.36363636364,-3.5677083333333193,-24.31123417339849
2023-01-31,60756.36363636364,3.131823617915974,-20.461091181121105
2023-02-28,62320.0,2.57361742877662,-15.383570943652414
2023-03-31,61126.086956521736,-1.9157783111011906,-13.261560292439157
2023-04-30,64855.0,6.1003627569528485,-3.7691655479403563
2023-05-31,66989.13043478261,3.2906182018080488,0.1808761855222052
2023-06-30,71661.36363636363,6.974613898190074,16.31836207691597
2023-07-31,71347.61904761905,-0.4378155435844522,19.81607357057178
2023-08-31,67663.04347826086,-5.164258623541473,12.21877704066916
2023-09-30,69981.63265306123,3.4266699450864913,25.619771407257417
2023-10-31,67817.53246753247,-3.092383106089336,19.90218533124386
2023-11-30,71409.09090909091,5.295914361493326,16.889880952380953
2023-12-31,74168.80952380953,3.864660058803926,25.898986113484
2024-01-31,74668.69565217392,0.6739842955197028,22.898559398777984
2024-02-29,73776.19047619047,-1.19528695149701,18.382847362308198
2024-03-31,75665.47619047618,2.5608339249983736,23.785898881922773
2024-04-30,80743.18181818182,6.7107297586065595,24.498006041449116
2024-05-31,77911.95652173914,-3.506457427969667,16.305370760993032
2024-06-30,78757.5,1.0852550956347073,9.902318353366525
2024-07-31,84382.60869565218,7.1423149486108395,18.269691157224564
2024-08-31,76600.0,-9.223000824402305,13.20803212851407
2024-09-30,65676.19047619047,-14.260847942310084,-6.152245973190251
2024-10-31,59471.739130434784,-9.447032936547961,-12.306247416319982
2024-11-30,55776.19047619047,-6.213957601171116,-21.892031160013346
2024-12-31,53998.484848484855,-3.1872123437051147,-27.195157647568323
2025-01-31,54056.10766045549,0.10671190521793772,-27.605394485176483
2025-02-28,55665.0,2.976337751971525,-24.548828503194986
2025-03-31,57128.57142857143,2.6292489509951,-24.49849745905379
2025-04-30,55686.36363636364,-2.5244947600536416,-31.032735665831623
2025-05-31,55514.545454545456,-0.3085462411231754,-28.747078198381924
2025-06-30,59113.09523809524,6.4821746338465935,-24.942900373811717
2025-07-31,65086.95652173913,10.1058170944736,-22.866859027205276
2025-08-31,70504.76190476191,8.323949486274152,-7.957229889344763
2025-09-30,77022.72727272728,9.244716515417583,17.276484391478597
2025-10-31,96022.82608695653,24.668171963000507,61.459589867310015
2025-11-30,100700.0,4.870897997532286,80.54298642533936
2025-12-31,109565.9420289855,8.804311846063072,102.90558584452545
2026-01-31,145592.42424242425,32.881095663749235,169.3357523204205
2026-02-28,181850.0,24.90347691251,226.68642773735738
2026-03-31,187711.36363636365,3.2231859424600717,228.5770306212917
2026-04-30,209286.36363636365,11.493710120712407,275.8305444453514
2026-05-31,279553.5714285714,33.57467088218775,403.56815342650333
2026-06-30,335886.36363636365,20.150982840219523,468.2097381019947
2026-07-31,265380.4347826087,-20.991006628088627,307.73213092852376
2026-08-31,254833.33333333334,-3.97433271895693,261.44130757800895
2026-09-30,260350.0,2.1648136036625187,238.01711419297726
